{
  "$schema": "https://raw.githubusercontent.com/OpenLightingProject/open-fixture-library/schema-12.3.0/schemas/fixture.json",
  "name": "Hazer ATMOSPHERE APS",
  "shortName": "MDG-M35A-X",
  "categories": ["Hazer"],
  "meta": {
    "authors": ["novasfronteiras.co"],
    "createDate": "2017-08-08",
    "lastModifyDate": "2018-08-09"
  },
  "links": {
    "manual": [
      "https://mdgfog.s3.amazonaws.com/uploads/docs/ATM-MAX-User-Guide-120815-Rev-Ad.pdf",
      "https://mdgfog.s3.amazonaws.com/uploads/docs/DMX-M35A-X-2012.pdf"
    ],
    "productPage": [
      "https://www.mdgfog.com/en/atmosphereaps"
    ],
    "video": [
      "https://www.youtube.com/watch?v=C9u31D-4icQ"
    ]
  },
  "physical": {
    "dimensions": [180, 300, 68.5],
    "weight": 23,
    "power": 715,
    "DMXconnector": "5-pin"
  },
  "availableChannels": {
    "Fog": {
      "capabilities": [
        {
          "dmxRange": [0, 127],
          "type": "NoFunction"
        },
        {
          "dmxRange": [128, 255],
          "type": "Fog",
          "fogType": "Haze"
        }
      ]
    },
    "Fog Emission": {
      "capabilities": [
        {
          "dmxRange": [0, 17],
          "type": "FogOutput",
          "fogOutput": "off"
        },
        {
          "dmxRange": [18, 255],
          "type": "FogOutput",
          "fogOutputStart": "weak",
          "fogOutputEnd": "strong"
        }
      ]
    }
  },
  "modes": [
    {
      "name": "Standard",
      "shortName": "std",
      "channels": [
        "Fog",
        "Fog Emission"
      ]
    }
  ],
  "fixtureKey": "hazer-atmosphere-aps",
  "manufacturerKey": "mdg",
  "oflURL": "https://open-fixture-library.org/mdg/hazer-atmosphere-aps"
}
