{
  "$schema": "https://raw.githubusercontent.com/OpenLightingProject/open-fixture-library/schema-12.3.0/schemas/fixture.json",
  "name": "Platinum Seven",
  "shortName": "Plat7",
  "categories": ["Moving Head", "Color Changer"],
  "meta": {
    "authors": ["Felix Edelmann"],
    "createDate": "2018-02-05",
    "lastModifyDate": "2018-08-09"
  },
  "links": {
    "manual": [
      "https://cdb.s3.amazonaws.com/ItemRelatedFiles/9777/Platinum%20Seven%20-%20User%20Manual%20.pdf"
    ],
    "productPage": [
      "https://www.elationlighting.com/platinum-seven"
    ],
    "video": [
      "https://www.youtube.com/watch?v=-PrtJCjpubU",
      "https://www.youtube.com/watch?v=8SB8obfPL0M"
    ]
  },
  "physical": {
    "dimensions": [418.1, 558.9, 284.4],
    "weight": 21.3,
    "power": 600,
    "DMXconnector": "5-pin",
    "lens": {
      "degreesMinMax": [5, 50]
    }
  },
  "matrix": {
    "pixelKeys": [
      [
        [
          null,
          null,
          "O1",
          null,
          "O2",
          null,
          "O3",
          null,
          null
        ],
        [
          null,
          null,
          null,
          null,
          null,
          null,
          null,
          null,
          null
        ],
        [
          null,
          "O12",
          null,
          "M1",
          null,
          "M2",
          null,
          "O4",
          null
        ],
        [
          null,
          null,
          null,
          null,
          null,
          null,
          null,
          null,
          null
        ],
        [
          "O11",
          null,
          "M6",
          null,
          "Center",
          null,
          "M3",
          null,
          "O5"
        ],
        [
          null,
          null,
          null,
          null,
          null,
          null,
          null,
          null,
          null
        ],
        [
          null,
          "O10",
          null,
          "M5",
          null,
          "M4",
          null,
          "O6",
          null
        ],
        [
          null,
          null,
          null,
          null,
          null,
          null,
          null,
          null,
          null
        ],
        [
          null,
          null,
          "O9",
          null,
          "O8",
          null,
          "O7",
          null,
          null
        ]
      ]
    ],
    "pixelGroups": {
      "Middle": {
        "name": [
          "^M[1-6]$"
        ]
      },
      "Outer": {
        "name": [
          "^O\\d+$"
        ]
      }
    }
  },
  "availableChannels": {
    "Pan": {
      "fineChannelAliases": ["Pan fine"],
      "defaultValue": "50%",
      "capability": {
        "type": "Pan",
        "angleStart": "0%",
        "angleEnd": "100%"
      }
    },
    "Tilt": {
      "fineChannelAliases": ["Tilt fine"],
      "defaultValue": "50%",
      "capability": {
        "type": "Tilt",
        "angleStart": "0%",
        "angleEnd": "100%"
      }
    },
    "Red": {
      "fineChannelAliases": ["Red fine"],
      "defaultValue": 0,
      "capability": {
        "type": "ColorIntensity",
        "color": "Red"
      }
    },
    "Blue": {
      "fineChannelAliases": ["Blue fine"],
      "defaultValue": 0,
      "capability": {
        "type": "ColorIntensity",
        "color": "Blue"
      }
    },
    "Green": {
      "fineChannelAliases": ["Green fine"],
      "defaultValue": 0,
      "capability": {
        "type": "ColorIntensity",
        "color": "Green"
      }
    },
    "White": {
      "fineChannelAliases": ["White fine"],
      "defaultValue": 0,
      "capability": {
        "type": "ColorIntensity",
        "color": "White"
      }
    },
    "Cyan": {
      "fineChannelAliases": ["Cyan fine"],
      "defaultValue": 0,
      "capability": {
        "type": "ColorIntensity",
        "color": "Cyan"
      }
    },
    "Amber": {
      "fineChannelAliases": ["Amber fine"],
      "defaultValue": 0,
      "capability": {
        "type": "ColorIntensity",
        "color": "Amber"
      }
    },
    "UV": {
      "fineChannelAliases": ["UV fine"],
      "defaultValue": 0,
      "capability": {
        "type": "ColorIntensity",
        "color": "UV"
      }
    },
    "Color Macros": {
      "defaultValue": 0,
      "capabilities": [
        {
          "dmxRange": [0, 7],
          "type": "NoFunction"
        },
        {
          "dmxRange": [8, 39],
          "type": "ColorPreset",
          "colorsStart": ["#ff0000"],
          "colorsEnd": ["#ffff00"],
          "comment": "Red to yellow"
        },
        {
          "dmxRange": [40, 71],
          "type": "ColorPreset",
          "colorsStart": ["#ffff00"],
          "colorsEnd": ["#00ff00"],
          "comment": "Yellow to green"
        },
        {
          "dmxRange": [72, 103],
          "type": "ColorPreset",
          "colorsStart": ["#00ff00"],
          "colorsEnd": ["#00ffff"],
          "comment": "Green to cyan"
        },
        {
          "dmxRange": [104, 135],
          "type": "ColorPreset",
          "colorsStart": ["#00ffff"],
          "colorsEnd": ["#0000ff"],
          "comment": "Cyan to blue"
        },
        {
          "dmxRange": [136, 167],
          "type": "ColorPreset",
          "colorsStart": ["#0000ff"],
          "colorsEnd": ["#ff00ff"],
          "comment": "Blue to magenta"
        },
        {
          "dmxRange": [168, 199],
          "type": "ColorPreset",
          "colorsStart": ["#ff00ff"],
          "colorsEnd": ["#ff0000"],
          "comment": "Magenta to red"
        },
        {
          "dmxRange": [200, 231],
          "type": "ColorPreset",
          "colorsStart": ["#ff0000"],
          "colorsEnd": ["#ffffff"],
          "comment": "Red to white"
        },
        {
          "dmxRange": [232, 255],
          "type": "Effect",
          "effectPreset": "ColorFade",
          "speedStart": "slow",
          "speedEnd": "fast"
        }
      ]
    },
    "Color Presets": {
      "defaultValue": 0,
      "capabilities": [
        {
          "dmxRange": [0, 4],
          "type": "NoFunction"
        },
        {
          "dmxRange": [5, 9],
          "type": "ColorPreset",
          "colors": ["#ffffff"],
          "comment": "White",
          "colorTemperature": "2700K"
        },
        {
          "dmxRange": [10, 14],
          "type": "ColorPreset",
          "colors": ["#ffffff"],
          "comment": "White",
          "colorTemperature": "3200K"
        },
        {
          "dmxRange": [15, 19],
          "type": "ColorPreset",
          "colors": ["#ffffff"],
          "comment": "White",
          "colorTemperature": "4300K"
        },
        {
          "dmxRange": [20, 24],
          "type": "ColorPreset",
          "colors": ["#ffffff"],
          "comment": "White",
          "colorTemperature": "5600K"
        },
        {
          "dmxRange": [25, 29],
          "type": "ColorPreset",
          "colors": ["#ffffff"],
          "comment": "White",
          "colorTemperature": "6500K"
        },
        {
          "dmxRange": [30, 34],
          "type": "ColorPreset",
          "colors": ["#ffffff"],
          "comment": "White",
          "colorTemperature": "8000K"
        },
        {
          "dmxRange": [35, 39],
          "type": "ColorPreset",
          "colors": ["#ff0000"],
          "comment": "Red"
        },
        {
          "dmxRange": [40, 44],
          "type": "ColorPreset",
          "colors": ["#00ff00"],
          "comment": "Green"
        },
        {
          "dmxRange": [45, 49],
          "type": "ColorPreset",
          "colors": ["#0000ff"],
          "comment": "Blue"
        },
        {
          "dmxRange": [50, 54],
          "type": "ColorPreset",
          "colors": ["#ffffff"],
          "comment": "Natural white"
        },
        {
          "dmxRange": [55, 59],
          "type": "ColorPreset",
          "colors": ["#ffffff"],
          "comment": "Full white"
        },
        {
          "dmxRange": [60, 64],
          "type": "ColorPreset",
          "colors": ["#ffff00"],
          "comment": "Yellow"
        },
        {
          "dmxRange": [65, 69],
          "type": "ColorPreset",
          "colors": ["#ff00ff"],
          "comment": "Magenta"
        },
        {
          "dmxRange": [70, 74],
          "type": "ColorPreset",
          "colors": ["#00ffff"],
          "comment": "Cyan"
        },
        {
          "dmxRange": [75, 79],
          "type": "ColorPreset",
          "colors": ["#ffaaaa"],
          "comment": "Salmon"
        },
        {
          "dmxRange": [80, 84],
          "type": "ColorPreset",
          "colors": ["#40e0d0"],
          "comment": "Turquoise"
        },
        {
          "dmxRange": [85, 89],
          "type": "ColorPreset",
          "colors": ["#aaffaa"],
          "comment": "Light green"
        },
        {
          "dmxRange": [90, 94],
          "type": "ColorPreset",
          "colors": ["#4682b4"],
          "comment": "Steel blue"
        },
        {
          "dmxRange": [95, 99],
          "type": "ColorPreset",
          "colors": ["#ffaa00"],
          "comment": "Orange"
        },
        {
          "dmxRange": [100, 104],
          "type": "ColorPreset",
          "colors": ["#e4d96f"],
          "comment": "Straw"
        },
        {
          "dmxRange": [105, 109],
          "type": "ColorPreset",
          "colors": ["#dcd0ff"],
          "comment": "Pale lavander"
        },
        {
          "dmxRange": [110, 114],
          "type": "ColorPreset",
          "colors": ["#ffc0cb"],
          "comment": "Pink"
        },
        {
          "dmxRange": [115, 119],
          "type": "ColorPreset",
          "colors": ["#ff0000", "#ffffff"],
          "comment": "Red / White"
        },
        {
          "dmxRange": [120, 124],
          "type": "ColorPreset",
          "colors": ["#00ff00", "#ff0000"],
          "comment": "Green / Red"
        },
        {
          "dmxRange": [125, 129],
          "type": "ColorPreset",
          "colors": ["#0000ff", "#ff0000"],
          "comment": "Blue / Red"
        },
        {
          "dmxRange": [130, 134],
          "type": "ColorPreset",
          "colors": ["#ffffff", "#ff0000"],
          "comment": "White / Red"
        },
        {
          "dmxRange": [135, 139],
          "type": "ColorPreset",
          "colors": ["#ffffff", "#ffaaaa"],
          "comment": "White / Pink"
        },
        {
          "dmxRange": [140, 144],
          "type": "ColorPreset",
          "colors": ["#ffffff", "#40e0d0"],
          "comment": "White / Turqouise"
        },
        {
          "dmxRange": [145, 149],
          "type": "ColorPreset",
          "colors": ["#ff0000", "#ffffff"],
          "comment": "Small Red / White"
        },
        {
          "dmxRange": [150, 154],
          "type": "ColorPreset",
          "comment": "CRI=85"
        },
        {
          "dmxRange": [155, 159],
          "type": "ColorPreset",
          "comment": "CRI=90"
        },
        {
          "dmxRange": [160, 164],
          "type": "ColorPreset",
          "comment": "CRI=95"
        },
        {
          "dmxRange": [165, 255],
          "type": "NoFunction",
          "comment": "Reserved"
        }
      ]
    },
    "Color Presets Dimmer": {
      "defaultValue": 0,
      "capability": {
        "type": "Intensity"
      }
    },
    "Shutter": {
      "defaultValue": 32,
      "capabilities": [
        {
          "dmxRange": [0, 31],
          "type": "ShutterStrobe",
          "shutterEffect": "Closed"
        },
        {
          "dmxRange": [32, 63],
          "type": "ShutterStrobe",
          "shutterEffect": "Open"
        },
        {
          "dmxRange": [64, 95],
          "type": "ShutterStrobe",
          "shutterEffect": "Strobe",
          "speedStart": "1Hz",
          "speedEnd": "25Hz"
        },
        {
          "dmxRange": [96, 127],
          "type": "ShutterStrobe",
          "shutterEffect": "Open"
        },
        {
          "dmxRange": [128, 159],
          "type": "ShutterStrobe",
          "shutterEffect": "Pulse"
        },
        {
          "dmxRange": [160, 191],
          "type": "ShutterStrobe",
          "shutterEffect": "Open"
        },
        {
          "dmxRange": [192, 223],
          "type": "ShutterStrobe",
          "shutterEffect": "Strobe",
          "speedStart": "slow",
          "speedEnd": "fast",
          "randomTiming": true
        },
        {
          "dmxRange": [224, 255],
          "type": "ShutterStrobe",
          "shutterEffect": "Open"
        }
      ]
    },
    "Dimmer": {
      "fineChannelAliases": ["Dimmer fine"],
      "defaultValue": 0,
      "capability": {
        "type": "Intensity"
      }
    },
    "Dimmer Mode": {
      "defaultValue": 255,
      "capabilities": [
        {
          "dmxRange": [0, 20],
          "type": "Maintenance",
          "comment": "Standard"
        },
        {
          "dmxRange": [21, 40],
          "type": "Maintenance",
          "comment": "Stage"
        },
        {
          "dmxRange": [41, 60],
          "type": "Maintenance",
          "comment": "TV"
        },
        {
          "dmxRange": [61, 80],
          "type": "Maintenance",
          "comment": "Architectural"
        },
        {
          "dmxRange": [81, 100],
          "type": "Maintenance",
          "comment": "Theatre"
        },
        {
          "dmxRange": [101, 255],
          "type": "Maintenance",
          "comment": "Default to setting on fixture"
        }
      ]
    },
    "Zoom": {
      "fineChannelAliases": ["Zoom fine"],
      "capability": {
        "type": "Zoom",
        "angleStart": "5deg",
        "angleEnd": "50deg"
      }
    },
    "Chase Patterns": {
      "defaultValue": 0,
      "capabilities": [
        {
          "dmxRange": [0, 14],
          "type": "NoFunction",
          "comment": "No function (LEDs off)"
        },
        {
          "dmxRange": [15, 30],
          "type": "Effect",
          "effectName": "Chase 1"
        },
        {
          "dmxRange": [31, 46],
          "type": "Effect",
          "effectName": "Chase 2"
        },
        {
          "dmxRange": [47, 62],
          "type": "Effect",
          "effectName": "Chase 3"
        },
        {
          "dmxRange": [63, 78],
          "type": "Effect",
          "effectName": "Chase 4"
        },
        {
          "dmxRange": [79, 94],
          "type": "Effect",
          "effectName": "Chase 5"
        },
        {
          "dmxRange": [95, 110],
          "type": "Effect",
          "effectName": "Chase 6"
        },
        {
          "dmxRange": [111, 126],
          "type": "Effect",
          "effectName": "Chase 7"
        },
        {
          "dmxRange": [127, 142],
          "type": "Effect",
          "effectName": "Chase 8"
        },
        {
          "dmxRange": [143, 158],
          "type": "Effect",
          "effectName": "Chase 9"
        },
        {
          "dmxRange": [159, 174],
          "type": "Effect",
          "effectName": "Chase 10"
        },
        {
          "dmxRange": [175, 190],
          "type": "Effect",
          "effectName": "Chase 11"
        },
        {
          "dmxRange": [191, 206],
          "type": "Effect",
          "effectName": "Chase 12"
        },
        {
          "dmxRange": [207, 222],
          "type": "Effect",
          "effectName": "Chase 13"
        },
        {
          "dmxRange": [223, 238],
          "type": "Effect",
          "effectName": "Chase 14"
        },
        {
          "dmxRange": [239, 255],
          "type": "Effect",
          "effectName": "Chase 15"
        }
      ]
    },
    "Chase Pattern Speed": {
      "defaultValue": 128,
      "capabilities": [
        {
          "dmxRange": [0, 125],
          "type": "EffectSpeed",
          "speedStart": "fast reverse",
          "speedEnd": "slow reverse"
        },
        {
          "dmxRange": [126, 130],
          "type": "EffectSpeed",
          "speed": "stop"
        },
        {
          "dmxRange": [131, 255],
          "type": "EffectSpeed",
          "speedStart": "slow",
          "speedEnd": "fast"
        }
      ]
    },
    "Chase Fade": {
      "defaultValue": 0,
      "capability": {
        "type": "EffectDuration",
        "durationStart": "instant",
        "durationEnd": "long",
        "helpWanted": "Correct direction?"
      }
    },
    "White Balance": {
      "defaultValue": 0,
      "capabilities": [
        {
          "dmxRange": [0, 189],
          "type": "NoFunction"
        },
        {
          "dmxRange": [190, 254],
          "type": "Maintenance",
          "comment": "Edit new White Balance setting"
        },
        {
          "dmxRange": [255, 255],
          "type": "Maintenance",
          "comment": "Save new White Balance setting"
        }
      ]
    },
    "Pan/Tilt Speed": {
      "defaultValue": 255,
      "capabilities": [
        {
          "dmxRange": [0, 225],
          "type": "PanTiltSpeed",
          "speedStart": "fast",
          "speedEnd": "slow"
        },
        {
          "dmxRange": [226, 235],
          "type": "Maintenance",
          "comment": "Blackout while movement"
        },
        {
          "dmxRange": [236, 255],
          "type": "NoFunction"
        }
      ]
    },
    "Special Functions": {
      "defaultValue": 0,
      "capabilities": [
        {
          "dmxRange": [0, 79],
          "type": "Maintenance",
          "comment": "Color Change Normal"
        },
        {
          "dmxRange": [80, 84],
          "type": "Maintenance",
          "comment": "Reset all motors"
        },
        {
          "dmxRange": [85, 87],
          "type": "Maintenance",
          "comment": "Reset scan motor"
        },
        {
          "dmxRange": [88, 90],
          "type": "Maintenance",
          "comment": "Silent mode on"
        },
        {
          "dmxRange": [91, 93],
          "type": "Maintenance",
          "comment": "Edit and save White Balance"
        },
        {
          "dmxRange": [94, 96],
          "type": "Maintenance",
          "comment": "Silent mode off"
        },
        {
          "dmxRange": [97, 99],
          "type": "Maintenance",
          "comment": "Reset other motors"
        },
        {
          "dmxRange": [100, 119],
          "type": "Effect",
          "effectName": "Internal Program 1 (Scene 1-8)"
        },
        {
          "dmxRange": [120, 139],
          "type": "Effect",
          "effectName": "Internal Program 2 (Scene 9-16)"
        },
        {
          "dmxRange": [140, 159],
          "type": "Effect",
          "effectName": "Internal Program 3 (Scene 17-24)"
        },
        {
          "dmxRange": [160, 179],
          "type": "Effect",
          "effectName": "Internal Program 4 (Scene 25-32)"
        },
        {
          "dmxRange": [180, 199],
          "type": "Effect",
          "effectName": "Internal Program 5 (Scene 33-40)"
        },
        {
          "dmxRange": [200, 219],
          "type": "Effect",
          "effectName": "Internal Program 6 (Scene 41-48)"
        },
        {
          "dmxRange": [220, 239],
          "type": "Effect",
          "effectName": "Internal Program 7 (Scene 49-56)"
        },
        {
          "dmxRange": [240, 255],
          "type": "NoFunction",
          "comment": "Unknown"
        }
      ]
    }
  },
  "templateChannels": {
    "Red $pixelKey": {
      "defaultValue": 0,
      "capability": {
        "type": "ColorIntensity",
        "color": "Red"
      }
    },
    "Blue $pixelKey": {
      "defaultValue": 0,
      "capability": {
        "type": "ColorIntensity",
        "color": "Blue"
      }
    },
    "Green $pixelKey": {
      "defaultValue": 0,
      "capability": {
        "type": "ColorIntensity",
        "color": "Green"
      }
    },
    "White $pixelKey": {
      "defaultValue": 0,
      "capability": {
        "type": "ColorIntensity",
        "color": "White"
      }
    },
    "Cyan $pixelKey": {
      "defaultValue": 0,
      "capability": {
        "type": "ColorIntensity",
        "color": "Cyan"
      }
    },
    "Amber $pixelKey": {
      "defaultValue": 0,
      "capability": {
        "type": "ColorIntensity",
        "color": "Amber"
      }
    },
    "UV $pixelKey": {
      "defaultValue": 0,
      "capability": {
        "type": "ColorIntensity",
        "color": "UV"
      }
    }
  },
  "modes": [
    {
      "name": "Basic",
      "channels": [
        "Pan",
        "Pan fine",
        "Tilt",
        "Tilt fine",
        "Red",
        "Green",
        "Blue",
        "White",
        "Amber",
        "Cyan",
        "UV",
        "Color Macros",
        "Color Presets",
        "Color Presets Dimmer",
        "Shutter",
        "Dimmer",
        "Dimmer Mode",
        "Zoom",
        "Chase Patterns",
        "Chase Pattern Speed",
        "Chase Fade",
        "White Balance",
        "Pan/Tilt Speed",
        "Special Functions"
      ]
    },
    {
      "name": "Standard",
      "channels": [
        "Pan",
        "Pan fine",
        "Tilt",
        "Tilt fine",
        "Red",
        "Red fine",
        "Green",
        "Green fine",
        "Blue",
        "Blue fine",
        "White",
        "White fine",
        "Amber",
        "Amber fine",
        "Cyan",
        "Cyan fine",
        "UV",
        "UV fine",
        "Color Macros",
        "Color Presets",
        "Color Presets Dimmer",
        "Shutter",
        "Dimmer",
        "Dimmer Mode",
        "Zoom",
        "Chase Patterns",
        "Chase Pattern Speed",
        "Chase Fade",
        "White Balance",
        "Pan/Tilt Speed",
        "Special Functions"
      ]
    },
    {
      "name": "Extended",
      "channels": [
        "Pan",
        "Pan fine",
        "Tilt",
        "Tilt fine",
        {
          "insert": "matrixChannels",
          "repeatFor": [
            "Center",
            "Middle",
            "Outer"
          ],
          "channelOrder": "perPixel",
          "templateChannels": [
            "Red $pixelKey",
            "Green $pixelKey",
            "Blue $pixelKey",
            "White $pixelKey",
            "Amber $pixelKey",
            "Cyan $pixelKey",
            "UV $pixelKey"
          ]
        },
        "Color Macros",
        "Color Presets",
        "Color Presets Dimmer",
        "Shutter",
        "Dimmer",
        "Dimmer fine",
        "Dimmer Mode",
        "Zoom",
        "Zoom fine",
        "Chase Patterns",
        "Chase Pattern Speed",
        "Chase Fade",
        "White Balance",
        "Pan/Tilt Speed",
        "Special Functions"
      ]
    }
  ],
  "fixtureKey": "platinum-seven",
  "manufacturerKey": "elation",
  "oflURL": "https://open-fixture-library.org/elation/platinum-seven"
}
