{
  "$schema": "https://raw.githubusercontent.com/OpenLightingProject/open-fixture-library/schema-12.3.0/schemas/fixture.json",
  "name": "BT-COLORAY 18FCR",
  "categories": ["Color Changer"],
  "meta": {
    "authors": ["Felix Edelmann"],
    "createDate": "2019-03-06",
    "lastModifyDate": "2019-03-06"
  },
  "links": {
    "manual": [
      "https://briteq-lighting.com/fileuploader/download/download/?d=0&file=custom%2Fupload%2FFile-1550743398.pdf"
    ],
    "productPage": [
      "https://briteq-lighting.com/bt-coloray-18fcr"
    ]
  },
  "physical": {
    "dimensions": [273, 305, 192],
    "weight": 5.28,
    "power": 123,
    "DMXconnector": "3-pin",
    "bulb": {
      "type": "18x 8W RGBW LED"
    },
    "lens": {
      "degreesMinMax": [20, 20]
    }
  },
  "availableChannels": {
    "Red": {
      "defaultValue": 0,
      "capability": {
        "type": "ColorIntensity",
        "color": "Red"
      }
    },
    "Green": {
      "defaultValue": 0,
      "capability": {
        "type": "ColorIntensity",
        "color": "Green"
      }
    },
    "Blue": {
      "defaultValue": 0,
      "capability": {
        "type": "ColorIntensity",
        "color": "Blue"
      }
    },
    "White": {
      "defaultValue": 0,
      "capability": {
        "type": "ColorIntensity",
        "color": "White"
      }
    },
    "Dimmer / Strobe": {
      "defaultValue": 0,
      "capabilities": [
        {
          "dmxRange": [0, 200],
          "type": "Intensity"
        },
        {
          "dmxRange": [201, 247],
          "type": "ShutterStrobe",
          "shutterEffect": "Strobe",
          "speedStart": "slow",
          "speedEnd": "fast"
        },
        {
          "dmxRange": [248, 255],
          "type": "Intensity",
          "brightness": "bright"
        }
      ]
    },
    "Dimmer": {
      "defaultValue": 0,
      "capability": {
        "type": "Intensity"
      }
    },
    "Strobe": {
      "defaultValue": 0,
      "capabilities": [
        {
          "dmxRange": [0, 4],
          "type": "NoFunction"
        },
        {
          "dmxRange": [5, 255],
          "type": "ShutterStrobe",
          "shutterEffect": "Strobe",
          "speedStart": "slow",
          "speedEnd": "fast"
        }
      ]
    },
    "Dimmer Speed": {
      "defaultValue": 0,
      "capability": {
        "type": "Speed",
        "speedStart": "fast",
        "speedEnd": "slow"
      }
    }
  },
  "modes": [
    {
      "name": "RGB + Dim/Strb",
      "shortName": "4ch",
      "channels": [
        "Red",
        "Green",
        "Blue",
        "Dimmer / Strobe"
      ]
    },
    {
      "name": "RGBW + Dim + Strb",
      "shortName": "6ch",
      "channels": [
        "Red",
        "Green",
        "Blue",
        "White",
        "Dimmer",
        "Strobe"
      ]
    },
    {
      "name": "RGBW + Dim + Strb + DimSpeed",
      "shortName": "7ch",
      "channels": [
        "Red",
        "Green",
        "Blue",
        "White",
        "Dimmer",
        "Strobe",
        "Dimmer Speed"
      ]
    }
  ],
  "fixtureKey": "bt-coloray-18fcr",
  "manufacturerKey": "briteq",
  "oflURL": "https://open-fixture-library.org/briteq/bt-coloray-18fcr"
}
