{
  "$schema": "https://raw.githubusercontent.com/OpenLightingProject/open-fixture-library/schema-12.3.0/schemas/fixture.json",
  "name": "RGB Fader",
  "shortName": "RGB",
  "categories": ["Color Changer"],
  "meta": {
    "authors": ["Flo Edelmann"],
    "createDate": "2017-07-17",
    "lastModifyDate": "2018-07-21"
  },
  "availableChannels": {
    "Red": {
      "fineChannelAliases": ["Red fine", "Red fine^2"],
      "capability": {
        "type": "ColorIntensity",
        "color": "Red"
      }
    },
    "Green": {
      "fineChannelAliases": ["Green fine", "Green fine^2"],
      "capability": {
        "type": "ColorIntensity",
        "color": "Green"
      }
    },
    "Blue": {
      "fineChannelAliases": ["Blue fine", "Blue fine^2"],
      "capability": {
        "type": "ColorIntensity",
        "color": "Blue"
      }
    }
  },
  "modes": [
    {
      "name": "8 bit",
      "shortName": "8bit",
      "channels": [
        "Red",
        "Green",
        "Blue"
      ]
    },
    {
      "name": "16 bit",
      "shortName": "16bit",
      "channels": [
        "Red",
        "Red fine",
        "Green",
        "Green fine",
        "Blue",
        "Blue fine"
      ]
    },
    {
      "name": "24 bit",
      "shortName": "24bit",
      "channels": [
        "Red",
        "Red fine",
        "Red fine^2",
        "Green",
        "Green fine",
        "Green fine^2",
        "Blue",
        "Blue fine",
        "Blue fine^2"
      ]
    }
  ],
  "fixtureKey": "rgb-fader",
  "manufacturerKey": "generic",
  "oflURL": "https://open-fixture-library.org/generic/rgb-fader"
}
