{
  "$schema": "https://raw.githubusercontent.com/OpenLightingProject/open-fixture-library/schema-12.3.0/schemas/fixture.json",
  "name": "Gigabar",
  "categories": ["Stand", "Color Changer"],
  "meta": {
    "authors": ["Justin Hornsby", "Felix Edelmann"],
    "createDate": "2017-11-16",
    "lastModifyDate": "2018-08-24"
  },
  "links": {
    "manual": [
      "https://www.prolight.co.uk/ftp-in/EQLED65_Manual.pdf"
    ],
    "video": [
      "https://www.youtube.com/watch?v=MndFfN5n__8"
    ]
  },
  "physical": {
    "dimensions": [1000, 320, 82],
    "weight": 13,
    "power": 135,
    "DMXconnector": "3-pin",
    "bulb": {
      "type": "4x30W tri-color COB LEDs"
    },
    "lens": {
      "degreesMinMax": [20, 20]
    }
  },
  "matrix": {
    "pixelCount": [
      4,
      1,
      1
    ],
    "pixelGroups": {
      "1&2": [
        "1",
        "2"
      ],
      "3&4": [
        "3",
        "4"
      ],
      "Master": "all"
    }
  },
  "availableChannels": {
    "Programs": {
      "defaultValue": 0,
      "capabilities": [
        {
          "dmxRange": [0, 15],
          "type": "NoFunction",
          "switchChannels": {
            "Master Dimmer / Program Speed / Sound Sensitivity": "Master Dimmer"
          }
        },
        {
          "dmxRange": [16, 23],
          "type": "ColorPreset",
          "colors": ["#ff0000"],
          "comment": "Red",
          "switchChannels": {
            "Master Dimmer / Program Speed / Sound Sensitivity": "Master Dimmer"
          }
        },
        {
          "dmxRange": [24, 31],
          "type": "ColorPreset",
          "colors": ["#00ff00"],
          "comment": "Green",
          "switchChannels": {
            "Master Dimmer / Program Speed / Sound Sensitivity": "Master Dimmer"
          }
        },
        {
          "dmxRange": [32, 39],
          "type": "ColorPreset",
          "colors": ["#0000ff"],
          "comment": "Blue",
          "switchChannels": {
            "Master Dimmer / Program Speed / Sound Sensitivity": "Master Dimmer"
          }
        },
        {
          "dmxRange": [40, 47],
          "type": "ColorPreset",
          "colors": ["#ffff00"],
          "comment": "RedGreen",
          "switchChannels": {
            "Master Dimmer / Program Speed / Sound Sensitivity": "Master Dimmer"
          }
        },
        {
          "dmxRange": [48, 55],
          "type": "ColorPreset",
          "colors": ["#00ffff"],
          "comment": "GreenBlue",
          "switchChannels": {
            "Master Dimmer / Program Speed / Sound Sensitivity": "Master Dimmer"
          }
        },
        {
          "dmxRange": [56, 63],
          "type": "ColorPreset",
          "colors": ["#ff00ff"],
          "comment": "RedBlue",
          "switchChannels": {
            "Master Dimmer / Program Speed / Sound Sensitivity": "Master Dimmer"
          }
        },
        {
          "dmxRange": [64, 71],
          "type": "ColorPreset",
          "colors": ["#ffffff"],
          "comment": "RedGreenBlue",
          "switchChannels": {
            "Master Dimmer / Program Speed / Sound Sensitivity": "Master Dimmer"
          }
        },
        {
          "dmxRange": [72, 79],
          "type": "ColorPreset",
          "comment": "Color 1",
          "helpWanted": "What colors are Color 1 until Color 8?",
          "switchChannels": {
            "Master Dimmer / Program Speed / Sound Sensitivity": "Master Dimmer"
          }
        },
        {
          "dmxRange": [80, 87],
          "type": "ColorPreset",
          "comment": "Color 2",
          "switchChannels": {
            "Master Dimmer / Program Speed / Sound Sensitivity": "Master Dimmer"
          }
        },
        {
          "dmxRange": [88, 95],
          "type": "ColorPreset",
          "comment": "Color 3",
          "switchChannels": {
            "Master Dimmer / Program Speed / Sound Sensitivity": "Master Dimmer"
          }
        },
        {
          "dmxRange": [96, 103],
          "type": "ColorPreset",
          "comment": "Color 4",
          "switchChannels": {
            "Master Dimmer / Program Speed / Sound Sensitivity": "Master Dimmer"
          }
        },
        {
          "dmxRange": [104, 111],
          "type": "ColorPreset",
          "comment": "Color 5",
          "switchChannels": {
            "Master Dimmer / Program Speed / Sound Sensitivity": "Master Dimmer"
          }
        },
        {
          "dmxRange": [112, 119],
          "type": "ColorPreset",
          "comment": "Color 6",
          "switchChannels": {
            "Master Dimmer / Program Speed / Sound Sensitivity": "Master Dimmer"
          }
        },
        {
          "dmxRange": [120, 127],
          "type": "ColorPreset",
          "comment": "Color 7",
          "switchChannels": {
            "Master Dimmer / Program Speed / Sound Sensitivity": "Master Dimmer"
          }
        },
        {
          "dmxRange": [128, 135],
          "type": "ColorPreset",
          "comment": "Color 8",
          "switchChannels": {
            "Master Dimmer / Program Speed / Sound Sensitivity": "Master Dimmer"
          }
        },
        {
          "dmxRange": [136, 143],
          "type": "Effect",
          "effectName": "Dream",
          "switchChannels": {
            "Master Dimmer / Program Speed / Sound Sensitivity": "Program Speed"
          }
        },
        {
          "dmxRange": [144, 151],
          "type": "Effect",
          "effectName": "Meteor",
          "switchChannels": {
            "Master Dimmer / Program Speed / Sound Sensitivity": "Program Speed"
          }
        },
        {
          "dmxRange": [152, 159],
          "type": "Effect",
          "effectPreset": "ColorFade",
          "switchChannels": {
            "Master Dimmer / Program Speed / Sound Sensitivity": "Program Speed"
          }
        },
        {
          "dmxRange": [160, 167],
          "type": "Effect",
          "effectPreset": "ColorJump",
          "switchChannels": {
            "Master Dimmer / Program Speed / Sound Sensitivity": "Program Speed"
          }
        },
        {
          "dmxRange": [168, 175],
          "type": "Effect",
          "effectName": "Flow 1",
          "switchChannels": {
            "Master Dimmer / Program Speed / Sound Sensitivity": "Program Speed"
          }
        },
        {
          "dmxRange": [176, 183],
          "type": "Effect",
          "effectName": "Flow 2",
          "switchChannels": {
            "Master Dimmer / Program Speed / Sound Sensitivity": "Program Speed"
          }
        },
        {
          "dmxRange": [184, 191],
          "type": "Effect",
          "effectName": "Flow 3",
          "switchChannels": {
            "Master Dimmer / Program Speed / Sound Sensitivity": "Program Speed"
          }
        },
        {
          "dmxRange": [192, 199],
          "type": "Effect",
          "effectName": "Flow 4",
          "switchChannels": {
            "Master Dimmer / Program Speed / Sound Sensitivity": "Program Speed"
          }
        },
        {
          "dmxRange": [200, 207],
          "type": "Effect",
          "effectName": "Flow 5",
          "switchChannels": {
            "Master Dimmer / Program Speed / Sound Sensitivity": "Program Speed"
          }
        },
        {
          "dmxRange": [208, 215],
          "type": "Effect",
          "effectName": "Flow 6",
          "switchChannels": {
            "Master Dimmer / Program Speed / Sound Sensitivity": "Program Speed"
          }
        },
        {
          "dmxRange": [216, 223],
          "type": "Effect",
          "effectName": "Flow 7",
          "switchChannels": {
            "Master Dimmer / Program Speed / Sound Sensitivity": "Program Speed"
          }
        },
        {
          "dmxRange": [224, 231],
          "type": "Effect",
          "effectName": "Flow 8",
          "switchChannels": {
            "Master Dimmer / Program Speed / Sound Sensitivity": "Program Speed"
          }
        },
        {
          "dmxRange": [232, 239],
          "type": "Effect",
          "effectName": "Flow 9",
          "switchChannels": {
            "Master Dimmer / Program Speed / Sound Sensitivity": "Program Speed"
          }
        },
        {
          "dmxRange": [240, 255],
          "type": "Effect",
          "effectName": "Sound Active",
          "soundControlled": true,
          "switchChannels": {
            "Master Dimmer / Program Speed / Sound Sensitivity": "Sound Sensitivity"
          }
        }
      ]
    },
    "Master Dimmer": {
      "capability": {
        "type": "Intensity"
      }
    },
    "Program Speed": {
      "capability": {
        "type": "EffectSpeed",
        "speedStart": "slow",
        "speedEnd": "fast"
      }
    },
    "Sound Sensitivity": {
      "capability": {
        "type": "SoundSensitivity",
        "soundSensitivityStart": "low",
        "soundSensitivityEnd": "high"
      }
    },
    "Flash": {
      "capability": {
        "type": "ShutterStrobe",
        "shutterEffect": "Strobe",
        "speedStart": "slow",
        "speedEnd": "fast"
      }
    },
    "Sound Sensitivity / Strobe": {
      "capabilities": [
        {
          "dmxRange": [0, 0],
          "type": "NoFunction"
        },
        {
          "dmxRange": [1, 5],
          "type": "SoundSensitivity",
          "soundSensitivityStart": "low",
          "soundSensitivityEnd": "high"
        },
        {
          "dmxRange": [6, 10],
          "type": "NoFunction"
        },
        {
          "dmxRange": [11, 255],
          "type": "ShutterStrobe",
          "shutterEffect": "Strobe",
          "speedStart": "slow",
          "speedEnd": "fast"
        }
      ]
    },
    "PowerOutput 1": {
      "capabilities": [
        {
          "dmxRange": [0, 127],
          "type": "Maintenance",
          "comment": "OFF"
        },
        {
          "dmxRange": [128, 255],
          "type": "Maintenance",
          "comment": "ON"
        }
      ]
    },
    "PowerOutput 2": {
      "capabilities": [
        {
          "dmxRange": [0, 127],
          "type": "Maintenance",
          "comment": "OFF"
        },
        {
          "dmxRange": [128, 255],
          "type": "Maintenance",
          "comment": "ON"
        }
      ]
    }
  },
  "templateChannels": {
    "Red $pixelKey": {
      "capability": {
        "type": "ColorIntensity",
        "color": "Red"
      }
    },
    "Green $pixelKey": {
      "capability": {
        "type": "ColorIntensity",
        "color": "Green"
      }
    },
    "Blue $pixelKey": {
      "capability": {
        "type": "ColorIntensity",
        "color": "Blue"
      }
    },
    "Colors $pixelKey": {
      "capabilities": [
        {
          "dmxRange": [0, 36],
          "type": "ColorPreset",
          "colors": ["#ff0000"],
          "comment": "R"
        },
        {
          "dmxRange": [37, 73],
          "type": "ColorPreset",
          "colors": ["#00ff00"],
          "comment": "G"
        },
        {
          "dmxRange": [74, 110],
          "type": "ColorPreset",
          "colors": ["#0000ff"],
          "comment": "B"
        },
        {
          "dmxRange": [111, 147],
          "type": "ColorPreset",
          "colors": ["#ffff00"],
          "comment": "RG"
        },
        {
          "dmxRange": [148, 184],
          "type": "ColorPreset",
          "colors": ["#ff00ff"],
          "comment": "RB"
        },
        {
          "dmxRange": [185, 221],
          "type": "ColorPreset",
          "colors": ["#00ffff"],
          "comment": "GB"
        },
        {
          "dmxRange": [222, 255],
          "type": "ColorPreset",
          "colors": ["#ffffff"],
          "comment": "RGB"
        }
      ]
    }
  },
  "modes": [
    {
      "name": "3ch",
      "channels": [
        "Red Master",
        "Green Master",
        "Blue Master"
      ]
    },
    {
      "name": "4ch",
      "channels": [
        {
          "insert": "matrixChannels",
          "repeatFor": "eachPixelXYZ",
          "channelOrder": "perPixel",
          "templateChannels": [
            "Colors $pixelKey"
          ]
        }
      ]
    },
    {
      "name": "5ch",
      "channels": [
        "Red Master",
        "Green Master",
        "Blue Master",
        "PowerOutput 1",
        "PowerOutput 2"
      ]
    },
    {
      "name": "6ch",
      "channels": [
        {
          "insert": "matrixChannels",
          "repeatFor": [
            "1&2",
            "3&4"
          ],
          "channelOrder": "perPixel",
          "templateChannels": [
            "Red $pixelKey",
            "Green $pixelKey",
            "Blue $pixelKey"
          ]
        }
      ]
    },
    {
      "name": "7ch",
      "channels": [
        "Red Master",
        "Green Master",
        "Blue Master",
        "Master Dimmer",
        "Sound Sensitivity / Strobe",
        "PowerOutput 1",
        "PowerOutput 2"
      ]
    },
    {
      "name": "8ch",
      "channels": [
        "Programs",
        "Master Dimmer / Program Speed / Sound Sensitivity",
        "Flash",
        "Red Master",
        "Green Master",
        "Blue Master",
        "PowerOutput 1",
        "PowerOutput 2"
      ]
    },
    {
      "name": "12ch",
      "channels": [
        {
          "insert": "matrixChannels",
          "repeatFor": "eachPixelXYZ",
          "channelOrder": "perPixel",
          "templateChannels": [
            "Red $pixelKey",
            "Green $pixelKey",
            "Blue $pixelKey"
          ]
        }
      ]
    },
    {
      "name": "17ch",
      "channels": [
        "Programs",
        "Master Dimmer / Program Speed / Sound Sensitivity",
        "Flash",
        {
          "insert": "matrixChannels",
          "repeatFor": "eachPixelXYZ",
          "channelOrder": "perPixel",
          "templateChannels": [
            "Red $pixelKey",
            "Green $pixelKey",
            "Blue $pixelKey"
          ]
        },
        "PowerOutput 1",
        "PowerOutput 2"
      ]
    }
  ],
  "fixtureKey": "gigabar",
  "manufacturerKey": "equinox",
  "oflURL": "https://open-fixture-library.org/equinox/gigabar"
}
