{
  "$schema": "https://raw.githubusercontent.com/OpenLightingProject/open-fixture-library/schema-12.3.0/schemas/fixture.json",
  "name": " Easy Move XS HP Wash 7x8W RGBW",
  "shortName": "Mini Wash",
  "categories": ["Moving Head", "Color Changer"],
  "meta": {
    "authors": ["AL_DAVE", "Flo Edelmann"],
    "createDate": "2021-06-17",
    "lastModifyDate": "2021-06-17"
  },
  "links": {
    "manual": [
      "https://images.static-thomann.de/pics/atg/atgdata/document/manual/301511_c_301511_v3_en_online.pdf"
    ],
    "productPage": [
      "https://www.thomann.de/intl/varytec_easy_move_xs_hp_wash_7x8w_rgbw.htm"
    ],
    "video": [
      "https://www.youtube.com/watch?v=xYcylXUi5EA"
    ]
  },
  "physical": {
    "dimensions": [177, 238, 176],
    "weight": 5,
    "power": 75,
    "DMXconnector": "3-pin",
    "bulb": {
      "type": "LED"
    }
  },
  "availableChannels": {
    "Pan": {
      "fineChannelAliases": ["Pan fine"],
      "capability": {
        "type": "Pan",
        "angleStart": "0deg",
        "angleEnd": "540deg"
      }
    },
    "Tilt": {
      "fineChannelAliases": ["Tilt fine"],
      "capability": {
        "type": "Tilt",
        "angleStart": "0deg",
        "angleEnd": "180deg"
      }
    },
    "Dimmer & Strobe": {
      "capabilities": [
        {
          "dmxRange": [0, 7],
          "type": "ShutterStrobe",
          "shutterEffect": "Closed"
        },
        {
          "dmxRange": [8, 134],
          "type": "Intensity",
          "brightnessStart": "0%",
          "brightnessEnd": "100%"
        },
        {
          "dmxRange": [135, 239],
          "type": "ShutterStrobe",
          "shutterEffect": "Strobe",
          "speedStart": "0Hz",
          "speedEnd": "40Hz"
        },
        {
          "dmxRange": [240, 255],
          "type": "ShutterStrobe",
          "shutterEffect": "Open"
        }
      ]
    },
    "Red": {
      "highlightValue": 255,
      "capability": {
        "type": "ColorIntensity",
        "color": "Red"
      }
    },
    "Green": {
      "highlightValue": 255,
      "capability": {
        "type": "ColorIntensity",
        "color": "Green"
      }
    },
    "Blue": {
      "highlightValue": 255,
      "capability": {
        "type": "ColorIntensity",
        "color": "Blue"
      }
    },
    "White": {
      "highlightValue": 255,
      "capability": {
        "type": "ColorIntensity",
        "color": "White"
      }
    },
    "Pan/Tilt Speed": {
      "capability": {
        "type": "PanTiltSpeed",
        "speedStart": "fast",
        "speedEnd": "slow"
      }
    },
    "Color Presets": {
      "capabilities": [
        {
          "dmxRange": [0, 0],
          "type": "NoFunction"
        },
        {
          "dmxRange": [1, 15],
          "type": "ColorPreset",
          "comment": "Red"
        },
        {
          "dmxRange": [16, 63],
          "type": "ColorPreset",
          "comment": "Yellow"
        },
        {
          "dmxRange": [64, 79],
          "type": "ColorPreset",
          "comment": "Green"
        },
        {
          "dmxRange": [80, 127],
          "type": "ColorPreset",
          "comment": "Cyan"
        },
        {
          "dmxRange": [128, 143],
          "type": "ColorPreset",
          "comment": "Blue"
        },
        {
          "dmxRange": [144, 175],
          "type": "ColorPreset",
          "comment": "Violet"
        },
        {
          "dmxRange": [176, 191],
          "type": "ColorPreset",
          "comment": "Light blue"
        },
        {
          "dmxRange": [192, 223],
          "type": "ColorPreset",
          "comment": "White"
        },
        {
          "dmxRange": [224, 237],
          "type": "Effect",
          "effectPreset": "ColorFade",
          "speedStart": "slow",
          "speedEnd": "fast"
        },
        {
          "dmxRange": [238, 255],
          "type": "Effect",
          "effectPreset": "ColorJump",
          "speedStart": "slow",
          "speedEnd": "fast"
        }
      ]
    },
    "Auto Programs": {
      "capabilities": [
        {
          "dmxRange": [0, 3],
          "type": "NoFunction"
        },
        {
          "dmxRange": [4, 203],
          "type": "Effect",
          "effectName": "Auto Programs"
        },
        {
          "dmxRange": [204, 255],
          "type": "Effect",
          "effectName": "Sound Programs",
          "soundControlled": true
        }
      ]
    },
    "Reset": {
      "capabilities": [
        {
          "dmxRange": [0, 254],
          "type": "NoFunction"
        },
        {
          "dmxRange": [255, 255],
          "type": "Maintenance",
          "comment": "Reset"
        }
      ]
    }
  },
  "modes": [
    {
      "name": "8-channel",
      "shortName": "8ch",
      "channels": [
        "Pan",
        "Tilt",
        "Dimmer & Strobe",
        "Red",
        "Green",
        "Blue",
        "White",
        "Pan/Tilt Speed"
      ]
    },
    {
      "name": "13-channel",
      "shortName": "13ch",
      "channels": [
        "Pan",
        "Pan fine",
        "Tilt",
        "Tilt fine",
        "Pan/Tilt Speed",
        "Dimmer & Strobe",
        "Red",
        "Green",
        "Blue",
        "White",
        "Color Presets",
        "Auto Programs",
        "Reset"
      ]
    }
  ],
  "fixtureKey": "easy-move-xs-hp-wash-7x8w-rgbw",
  "manufacturerKey": "varytec",
  "oflURL": "https://open-fixture-library.org/varytec/easy-move-xs-hp-wash-7x8w-rgbw"
}
