{
  "$schema": "https://raw.githubusercontent.com/OpenLightingProject/open-fixture-library/schema-12.3.0/schemas/fixture.json",
  "name": "Giga Bar HEX 3",
  "categories": ["Color Changer", "Strobe", "Effect"],
  "meta": {
    "authors": ["Erik Pade", "Flo Edelmann"],
    "createDate": "2021-09-19",
    "lastModifyDate": "2021-09-19"
  },
  "links": {
    "manual": [
      "https://images.static-thomann.de/pics/atg/atgdata/document/manual/472654_c_472654_472655_r2_en_online.pdf"
    ],
    "productPage": [
      "https://www.thomann.de/intl/varytec_giga_bar_hex_3.htm"
    ],
    "video": [
      "https://video2.thomann.de/vidiot/02591c1c/video_i8849p10_yd59vqpa.mp4"
    ]
  },
  "physical": {
    "dimensions": [360, 150, 64],
    "weight": 1.2,
    "power": 36,
    "DMXconnector": "3-pin",
    "bulb": {
      "type": "3× 12W RGBAWUV LED"
    }
  },
  "availableChannels": {
    "Red": {
      "capability": {
        "type": "ColorIntensity",
        "color": "Red"
      }
    },
    "Green": {
      "capability": {
        "type": "ColorIntensity",
        "color": "Green"
      }
    },
    "Blue": {
      "capability": {
        "type": "ColorIntensity",
        "color": "Blue"
      }
    },
    "White": {
      "capability": {
        "type": "ColorIntensity",
        "color": "White"
      }
    },
    "Amber": {
      "capability": {
        "type": "ColorIntensity",
        "color": "Amber"
      }
    },
    "UV": {
      "capability": {
        "type": "ColorIntensity",
        "color": "UV"
      }
    },
    "Intensity": {
      "capability": {
        "type": "Intensity"
      }
    },
    "Strobe": {
      "capability": {
        "type": "ShutterStrobe",
        "shutterEffect": "Strobe",
        "helpWanted": "At which DMX values is the light constantly on or off? Is the strobe frequency increasing or decreasing?"
      }
    },
    "Auto Programs": {
      "capabilities": [
        {
          "dmxRange": [0, 10],
          "type": "NoFunction"
        },
        {
          "dmxRange": [11, 100],
          "type": "Effect",
          "effectPreset": "ColorFade",
          "speedStart": "slow",
          "speedEnd": "fast"
        },
        {
          "dmxRange": [101, 200],
          "type": "Effect",
          "effectPreset": "ColorJump",
          "speedStart": "slow",
          "speedEnd": "fast"
        },
        {
          "dmxRange": [201, 255],
          "type": "Effect",
          "effectName": "Sound control",
          "soundControlled": true,
          "soundSensitivityStart": "low",
          "soundSensitivityEnd": "high"
        }
      ]
    },
    "Auto Program Selection": {
      "defaultValue": 0,
      "capabilities": [
        {
          "dmxRange": [0, 10],
          "type": "NoFunction",
          "switchChannels": {
            "Program Speed / Sound Sensitivity": "Program Speed"
          }
        },
        {
          "dmxRange": [11, 100],
          "type": "Effect",
          "effectPreset": "ColorFade",
          "switchChannels": {
            "Program Speed / Sound Sensitivity": "Program Speed"
          }
        },
        {
          "dmxRange": [101, 200],
          "type": "Effect",
          "effectPreset": "ColorJump",
          "switchChannels": {
            "Program Speed / Sound Sensitivity": "Program Speed"
          }
        },
        {
          "dmxRange": [201, 255],
          "type": "Effect",
          "effectName": "Sound control",
          "soundControlled": true,
          "switchChannels": {
            "Program Speed / Sound Sensitivity": "Sound Sensitivity"
          }
        }
      ]
    },
    "Program Speed": {
      "capability": {
        "type": "EffectSpeed",
        "speedStart": "slow",
        "speedEnd": "fast"
      }
    },
    "Sound Sensitivity": {
      "capability": {
        "type": "SoundSensitivity",
        "soundSensitivityStart": "low",
        "soundSensitivityEnd": "high"
      }
    },
    "Color Macros": {
      "capabilities": [
        {
          "dmxRange": [0, 14],
          "type": "NoFunction"
        },
        {
          "dmxRange": [15, 255],
          "type": "ColorPreset",
          "helpWanted": "Which colors can be selected at which DMX values?"
        }
      ]
    }
  },
  "modes": [
    {
      "name": "3-channel",
      "shortName": "3ch",
      "channels": [
        "Red",
        "Green",
        "Blue"
      ]
    },
    {
      "name": "4-channel",
      "shortName": "4ch",
      "channels": [
        "Red",
        "Green",
        "Blue",
        "White"
      ]
    },
    {
      "name": "6-channel",
      "shortName": "6ch",
      "channels": [
        "Red",
        "Green",
        "Blue",
        "White",
        "Amber",
        "UV"
      ]
    },
    {
      "name": "9-channel",
      "shortName": "9ch",
      "channels": [
        "Red",
        "Green",
        "Blue",
        "White",
        "Amber",
        "UV",
        "Intensity",
        "Strobe",
        "Auto Programs"
      ]
    },
    {
      "name": "11-channel",
      "shortName": "11ch",
      "channels": [
        "Red",
        "Green",
        "Blue",
        "White",
        "Amber",
        "UV",
        "Intensity",
        "Strobe",
        "Auto Program Selection",
        "Program Speed / Sound Sensitivity",
        "Color Macros"
      ]
    }
  ],
  "fixtureKey": "giga-bar-hex-3",
  "manufacturerKey": "varytec",
  "oflURL": "https://open-fixture-library.org/varytec/giga-bar-hex-3"
}
