{
  "$schema": "https://raw.githubusercontent.com/OpenLightingProject/open-fixture-library/schema-12.3.0/schemas/fixture.json",
  "name": "AF-250",
  "categories": ["Smoke"],
  "meta": {
    "authors": ["Jan Dalheimer"],
    "createDate": "2019-09-09",
    "lastModifyDate": "2019-09-09"
  },
  "links": {
    "manual": [
      "https://images.static-thomann.de/pics/atg/atgdata/document/manual/340945_c_340945_v5_en_online.pdf"
    ],
    "productPage": [
      "https://www.thomann.de/gb/stairville_af_250_fog_machine_1300w_dmx.htm"
    ],
    "video": [
      "https://video1.thomann.de/vidiot/02591c1c/video_i3289p10_yd59vqpa.mp4"
    ]
  },
  "physical": {
    "dimensions": [310, 190, 430],
    "weight": 7.1,
    "power": 1300,
    "DMXconnector": "3-pin"
  },
  "availableChannels": {
    "Fog": {
      "precedence": "HTP",
      "capability": {
        "type": "Fog",
        "fogType": "Fog",
        "fogOutputStart": "0m^3/min",
        "fogOutputEnd": "180m^3/min"
      }
    }
  },
  "modes": [
    {
      "name": "1-channel",
      "shortName": "1ch",
      "channels": [
        "Fog"
      ]
    }
  ],
  "fixtureKey": "af-250",
  "manufacturerKey": "stairville",
  "oflURL": "https://open-fixture-library.org/stairville/af-250"
}
