{
  "$schema": "https://raw.githubusercontent.com/OpenLightingProject/open-fixture-library/schema-12.3.0/schemas/fixture.json",
  "name": "MH-X25",
  "categories": ["Moving Head", "Color Changer"],
  "meta": {
    "authors": ["p_0g_8mm3_", "Flo Edelmann"],
    "createDate": "2018-01-30",
    "lastModifyDate": "2018-09-04"
  },
  "links": {
    "manual": [
      "https://images.thomann.de/pics/prod/c_238185_en_online.pdf"
    ],
    "video": [
      "https://www.youtube.com/watch?v=QmIARRiHV48",
      "https://www.youtube.com/watch?v=ecWyJqRIWAs"
    ]
  },
  "physical": {
    "dimensions": [240, 370, 280],
    "weight": 10.3,
    "power": 102,
    "DMXconnector": "3-pin",
    "bulb": {
      "type": "4x LED (all white)"
    }
  },
  "wheels": {
    "Color Wheel": {
      "slots": [
        {
          "type": "Open"
        },
        {
          "type": "Color",
          "name": "Yellow",
          "colors": ["#ffff00"]
        },
        {
          "type": "Color",
          "name": "Pink",
          "colors": ["#ff00ff"]
        },
        {
          "type": "Color",
          "name": "Green",
          "colors": ["#00ff00"]
        },
        {
          "type": "Color",
          "name": "Peachblow",
          "colors": ["#d7735b"]
        },
        {
          "type": "Color",
          "name": "Light Blue",
          "colors": ["#add8e6"]
        },
        {
          "type": "Color",
          "name": "Yellow-Green",
          "colors": ["#ccfe50"]
        },
        {
          "type": "Color",
          "name": "Red",
          "colors": ["#ff0000"]
        },
        {
          "type": "Color",
          "name": "Blue",
          "colors": ["#0000ff"]
        }
      ]
    },
    "Gobo Wheel": {
      "slots": [
        {
          "type": "Open"
        },
        {
          "type": "Gobo",
          "name": "Gobo 2"
        },
        {
          "type": "Gobo",
          "name": "Gobo 3"
        },
        {
          "type": "Gobo",
          "name": "Gobo 4"
        },
        {
          "type": "Gobo",
          "name": "Gobo 5"
        },
        {
          "type": "Gobo",
          "name": "Gobo 6"
        },
        {
          "type": "Gobo",
          "name": "Gobo 7"
        },
        {
          "type": "Gobo",
          "name": "Gobo 8"
        }
      ]
    }
  },
  "availableChannels": {
    "Pan": {
      "fineChannelAliases": ["Pan fine"],
      "defaultValue": "50%",
      "capability": {
        "type": "Pan",
        "angleStart": "0deg",
        "angleEnd": "540deg"
      }
    },
    "Tilt": {
      "fineChannelAliases": ["Tilt fine"],
      "defaultValue": "50%",
      "capability": {
        "type": "Tilt",
        "angleStart": "0deg",
        "angleEnd": "270deg"
      }
    },
    "Color": {
      "capabilities": [
        {
          "dmxRange": [0, 4],
          "type": "WheelSlot",
          "wheel": "Color Wheel",
          "slotNumber": 1
        },
        {
          "dmxRange": [5, 9],
          "type": "WheelSlot",
          "wheel": "Color Wheel",
          "slotNumber": 2
        },
        {
          "dmxRange": [10, 14],
          "type": "WheelSlot",
          "wheel": "Color Wheel",
          "slotNumber": 3
        },
        {
          "dmxRange": [15, 19],
          "type": "WheelSlot",
          "wheel": "Color Wheel",
          "slotNumber": 4
        },
        {
          "dmxRange": [20, 24],
          "type": "WheelSlot",
          "wheel": "Color Wheel",
          "slotNumber": 5
        },
        {
          "dmxRange": [25, 29],
          "type": "WheelSlot",
          "wheel": "Color Wheel",
          "slotNumber": 6
        },
        {
          "dmxRange": [30, 34],
          "type": "WheelSlot",
          "wheel": "Color Wheel",
          "slotNumber": 7
        },
        {
          "dmxRange": [35, 39],
          "type": "WheelSlot",
          "wheel": "Color Wheel",
          "slotNumber": 8
        },
        {
          "dmxRange": [40, 44],
          "type": "WheelSlot",
          "wheel": "Color Wheel",
          "slotNumber": 9
        },
        {
          "dmxRange": [45, 54],
          "type": "WheelSlot",
          "wheel": "Color Wheel",
          "slotNumberStart": 1,
          "slotNumberEnd": 2
        },
        {
          "dmxRange": [55, 64],
          "type": "WheelSlot",
          "wheel": "Color Wheel",
          "slotNumberStart": 2,
          "slotNumberEnd": 3
        },
        {
          "dmxRange": [65, 73],
          "type": "WheelSlot",
          "wheel": "Color Wheel",
          "slotNumberStart": 3,
          "slotNumberEnd": 4
        },
        {
          "dmxRange": [74, 83],
          "type": "WheelSlot",
          "wheel": "Color Wheel",
          "slotNumberStart": 4,
          "slotNumberEnd": 5
        },
        {
          "dmxRange": [84, 92],
          "type": "WheelSlot",
          "wheel": "Color Wheel",
          "slotNumberStart": 5,
          "slotNumberEnd": 6
        },
        {
          "dmxRange": [93, 101],
          "type": "WheelSlot",
          "wheel": "Color Wheel",
          "slotNumberStart": 6,
          "slotNumberEnd": 7
        },
        {
          "dmxRange": [102, 110],
          "type": "WheelSlot",
          "wheel": "Color Wheel",
          "slotNumberStart": 7,
          "slotNumberEnd": 8
        },
        {
          "dmxRange": [111, 119],
          "type": "WheelSlot",
          "wheel": "Color Wheel",
          "slotNumberStart": 8,
          "slotNumberEnd": 9
        },
        {
          "dmxRange": [120, 127],
          "type": "WheelSlot",
          "wheel": "Color Wheel",
          "slotNumberStart": 9,
          "slotNumberEnd": 10
        },
        {
          "dmxRange": [128, 191],
          "type": "Effect",
          "effectPreset": "ColorFade",
          "speedStart": "slow",
          "speedEnd": "fast"
        },
        {
          "dmxRange": [192, 255],
          "type": "Effect",
          "effectPreset": "ColorFade",
          "speedStart": "slow reverse",
          "speedEnd": "fast reverse"
        }
      ]
    },
    "Shutter": {
      "capabilities": [
        {
          "dmxRange": [0, 3],
          "type": "ShutterStrobe",
          "shutterEffect": "Closed"
        },
        {
          "dmxRange": [4, 7],
          "type": "ShutterStrobe",
          "shutterEffect": "Open"
        },
        {
          "dmxRange": [8, 215],
          "type": "ShutterStrobe",
          "shutterEffect": "Strobe",
          "speedStart": "slow",
          "speedEnd": "fast"
        },
        {
          "dmxRange": [216, 255],
          "type": "ShutterStrobe",
          "shutterEffect": "Open"
        }
      ]
    },
    "Gobo": {
      "capabilities": [
        {
          "dmxRange": [0, 7],
          "type": "WheelSlot",
          "wheel": "Gobo Wheel",
          "slotNumber": 1
        },
        {
          "dmxRange": [8, 15],
          "type": "WheelSlot",
          "wheel": "Gobo Wheel",
          "slotNumber": 2
        },
        {
          "dmxRange": [16, 23],
          "type": "WheelSlot",
          "wheel": "Gobo Wheel",
          "slotNumber": 3
        },
        {
          "dmxRange": [24, 31],
          "type": "WheelSlot",
          "wheel": "Gobo Wheel",
          "slotNumber": 4
        },
        {
          "dmxRange": [32, 39],
          "type": "WheelSlot",
          "wheel": "Gobo Wheel",
          "slotNumber": 5
        },
        {
          "dmxRange": [40, 47],
          "type": "WheelSlot",
          "wheel": "Gobo Wheel",
          "slotNumber": 6
        },
        {
          "dmxRange": [48, 55],
          "type": "WheelSlot",
          "wheel": "Gobo Wheel",
          "slotNumber": 7
        },
        {
          "dmxRange": [56, 63],
          "type": "WheelSlot",
          "wheel": "Gobo Wheel",
          "slotNumber": 8
        },
        {
          "dmxRange": [64, 71],
          "type": "WheelShake",
          "wheel": "Gobo Wheel",
          "slotNumber": 8
        },
        {
          "dmxRange": [72, 79],
          "type": "WheelShake",
          "wheel": "Gobo Wheel",
          "slotNumber": 7
        },
        {
          "dmxRange": [80, 87],
          "type": "WheelShake",
          "wheel": "Gobo Wheel",
          "slotNumber": 6
        },
        {
          "dmxRange": [88, 95],
          "type": "WheelShake",
          "wheel": "Gobo Wheel",
          "slotNumber": 5
        },
        {
          "dmxRange": [96, 103],
          "type": "WheelShake",
          "wheel": "Gobo Wheel",
          "slotNumber": 4
        },
        {
          "dmxRange": [104, 111],
          "type": "WheelShake",
          "wheel": "Gobo Wheel",
          "slotNumber": 3
        },
        {
          "dmxRange": [112, 119],
          "type": "WheelShake",
          "wheel": "Gobo Wheel",
          "slotNumber": 2
        },
        {
          "dmxRange": [120, 127],
          "type": "WheelSlot",
          "wheel": "Gobo Wheel",
          "slotNumber": 1
        },
        {
          "dmxRange": [128, 191],
          "type": "WheelRotation",
          "wheel": "Gobo Wheel",
          "speedStart": "slow CW",
          "speedEnd": "fast CW"
        },
        {
          "dmxRange": [192, 255],
          "type": "WheelRotation",
          "wheel": "Gobo Wheel",
          "speedStart": "slow CCW",
          "speedEnd": "fast CCW"
        }
      ]
    },
    "Gobo rotation": {
      "capabilities": [
        {
          "dmxRange": [0, 63],
          "type": "WheelSlotRotation",
          "wheel": "Gobo Wheel",
          "angleStart": "0deg",
          "angleEnd": "360deg"
        },
        {
          "dmxRange": [64, 147],
          "type": "WheelSlotRotation",
          "wheel": "Gobo Wheel",
          "speedStart": "slow CW",
          "speedEnd": "fast CW"
        },
        {
          "dmxRange": [148, 231],
          "type": "WheelSlotRotation",
          "wheel": "Gobo Wheel",
          "speedStart": "slow CCW",
          "speedEnd": "fast CCW"
        },
        {
          "dmxRange": [232, 255],
          "type": "Effect",
          "effectName": "Yo-yo effect"
        }
      ]
    },
    "Pan/Tilt Speed": {
      "capability": {
        "type": "PanTiltSpeed",
        "speedStart": "fast",
        "speedEnd": "slow"
      }
    },
    "Dimmer": {
      "capability": {
        "type": "Intensity"
      }
    },
    "Special functions": {
      "capabilities": [
        {
          "dmxRange": [0, 7],
          "type": "NoFunction"
        },
        {
          "dmxRange": [8, 15],
          "type": "Maintenance",
          "comment": "Blackout while pan / tilt change"
        },
        {
          "dmxRange": [16, 23],
          "type": "Maintenance",
          "comment": "No Blackout while move"
        },
        {
          "dmxRange": [24, 31],
          "type": "Maintenance",
          "comment": "Blackout while color change"
        },
        {
          "dmxRange": [32, 39],
          "type": "Maintenance",
          "comment": "No Blackout while color change"
        },
        {
          "dmxRange": [40, 47],
          "type": "Maintenance",
          "comment": "Blackout while gobo change"
        },
        {
          "dmxRange": [48, 55],
          "type": "Maintenance",
          "comment": "No Blackout while gobo change"
        },
        {
          "dmxRange": [56, 87],
          "type": "NoFunction"
        },
        {
          "dmxRange": [88, 95],
          "type": "Maintenance",
          "comment": "Blackout during movement"
        },
        {
          "dmxRange": [96, 103],
          "type": "Maintenance",
          "comment": "Reset pan and tilt"
        },
        {
          "dmxRange": [104, 111],
          "type": "NoFunction"
        },
        {
          "dmxRange": [112, 119],
          "type": "Maintenance",
          "comment": "Reset color wheel"
        },
        {
          "dmxRange": [120, 127],
          "type": "Maintenance",
          "comment": "Reset gobo wheel"
        },
        {
          "dmxRange": [128, 135],
          "type": "Maintenance",
          "comment": "Reset gobo rotation"
        },
        {
          "dmxRange": [136, 151],
          "type": "NoFunction"
        },
        {
          "dmxRange": [152, 159],
          "type": "Maintenance",
          "comment": "Reset all channels"
        },
        {
          "dmxRange": [160, 255],
          "type": "NoFunction"
        }
      ]
    },
    "Programs": {
      "capabilities": [
        {
          "dmxRange": [0, 7],
          "type": "NoFunction"
        },
        {
          "dmxRange": [8, 23],
          "type": "Effect",
          "effectName": "Program 1"
        },
        {
          "dmxRange": [24, 39],
          "type": "Effect",
          "effectName": "Program 2"
        },
        {
          "dmxRange": [40, 55],
          "type": "Effect",
          "effectName": "Program 3"
        },
        {
          "dmxRange": [56, 71],
          "type": "Effect",
          "effectName": "Program 4"
        },
        {
          "dmxRange": [72, 87],
          "type": "Effect",
          "effectName": "Program 5"
        },
        {
          "dmxRange": [88, 103],
          "type": "Effect",
          "effectName": "Program 6"
        },
        {
          "dmxRange": [104, 119],
          "type": "Effect",
          "effectName": "Program 7"
        },
        {
          "dmxRange": [120, 135],
          "type": "Effect",
          "effectName": "Program 8"
        },
        {
          "dmxRange": [136, 150],
          "type": "Effect",
          "effectName": "Sound control 1",
          "soundControlled": true
        },
        {
          "dmxRange": [151, 165],
          "type": "Effect",
          "effectName": "Sound control 2",
          "soundControlled": true
        },
        {
          "dmxRange": [166, 180],
          "type": "Effect",
          "effectName": "Sound control 3",
          "soundControlled": true
        },
        {
          "dmxRange": [181, 195],
          "type": "Effect",
          "effectName": "Sound control 4",
          "soundControlled": true
        },
        {
          "dmxRange": [196, 210],
          "type": "Effect",
          "effectName": "Sound control 5",
          "soundControlled": true
        },
        {
          "dmxRange": [211, 225],
          "type": "Effect",
          "effectName": "Sound control 6",
          "soundControlled": true
        },
        {
          "dmxRange": [226, 240],
          "type": "Effect",
          "effectName": "Sound control 7",
          "soundControlled": true
        },
        {
          "dmxRange": [241, 255],
          "type": "Effect",
          "effectName": "Sound control 8",
          "soundControlled": true
        }
      ]
    }
  },
  "modes": [
    {
      "name": "6-channel",
      "shortName": "6ch",
      "channels": [
        "Pan",
        "Tilt",
        "Color",
        "Shutter",
        "Gobo",
        "Gobo rotation"
      ]
    },
    {
      "name": "12-channel",
      "shortName": "12ch",
      "channels": [
        "Pan",
        "Tilt",
        "Pan fine",
        "Tilt fine",
        "Pan/Tilt Speed",
        "Color",
        "Shutter",
        "Dimmer",
        "Gobo",
        "Gobo rotation",
        "Special functions",
        "Programs"
      ]
    }
  ],
  "fixtureKey": "mh-x25",
  "manufacturerKey": "stairville",
  "oflURL": "https://open-fixture-library.org/stairville/mh-x25"
}
