{
  "$schema": "https://raw.githubusercontent.com/OpenLightingProject/open-fixture-library/schema-12.3.0/schemas/fixture.json",
  "name": "COLORdash Batten-Quad 6",
  "categories": ["Pixel Bar", "Color Changer"],
  "meta": {
    "authors": ["Flo Edelmann"],
    "createDate": "2018-09-14",
    "lastModifyDate": "2018-09-14"
  },
  "links": {
    "manual": [
      "https://www.chauvetprofessional.com/wp-content/uploads/2015/07/COLORDash_Batten-Quad_6_UM_Rev7_WO.pdf"
    ],
    "productPage": [
      "https://www.chauvetprofessional.com/products/colordash-batten-quad-6/"
    ],
    "video": [
      "https://www.youtube.com/watch?v=vZglF_D2c24"
    ]
  },
  "physical": {
    "dimensions": [494.5, 82, 154],
    "weight": 2.3,
    "power": 96,
    "DMXconnector": "3-pin and 5-pin",
    "bulb": {
      "type": "6x 5W Quad LEDs",
      "lumens": 674
    },
    "lens": {
      "degreesMinMax": [17, 17]
    }
  },
  "matrix": {
    "pixelKeys": [
      [
        [
          "6",
          "5",
          "4",
          "3",
          "2",
          "1"
        ]
      ]
    ]
  },
  "availableChannels": {
    "Red": {
      "capability": {
        "type": "ColorIntensity",
        "color": "Red"
      }
    },
    "Green": {
      "capability": {
        "type": "ColorIntensity",
        "color": "Green"
      }
    },
    "Blue": {
      "capability": {
        "type": "ColorIntensity",
        "color": "Blue"
      }
    },
    "Amber": {
      "capability": {
        "type": "ColorIntensity",
        "color": "Amber"
      }
    },
    "Dimmer": {
      "capability": {
        "type": "Intensity"
      }
    },
    "Strobe": {
      "capabilities": [
        {
          "dmxRange": [0, 10],
          "type": "NoFunction"
        },
        {
          "dmxRange": [11, 255],
          "type": "ShutterStrobe",
          "shutterEffect": "Strobe",
          "speedStart": "0Hz",
          "speedEnd": "20Hz"
        }
      ]
    },
    "Color Macros + White Balance": {
      "capabilities": [
        {
          "dmxRange": [0, 10],
          "type": "NoFunction"
        },
        {
          "dmxRange": [11, 30],
          "type": "ColorPreset",
          "comment": "Red 100%, Green 0…100%, Blue 0%",
          "colorsStart": ["#ff0000"],
          "colorsEnd": ["#ffff00"]
        },
        {
          "dmxRange": [31, 50],
          "type": "ColorPreset",
          "comment": "Red 100…0%, Green 100%, Blue 0%",
          "colorsStart": ["#ffff00"],
          "colorsEnd": ["#00ff00"]
        },
        {
          "dmxRange": [51, 70],
          "type": "ColorPreset",
          "comment": "Red 0%, Green 100%, Blue 0…100%",
          "colorsStart": ["#00ff00"],
          "colorsEnd": ["#00ffff"]
        },
        {
          "dmxRange": [71, 90],
          "type": "ColorPreset",
          "comment": "Red 0%, Green 100…0%, Blue 100%",
          "colorsStart": ["#00ffff"],
          "colorsEnd": ["#0000ff"]
        },
        {
          "dmxRange": [91, 110],
          "type": "ColorPreset",
          "comment": "Red 0…100%, Green 0%, Blue 100%",
          "colorsStart": ["#0000ff"],
          "colorsEnd": ["#ff00ff"]
        },
        {
          "dmxRange": [111, 130],
          "type": "ColorPreset",
          "comment": "Red 100%, Green 0%, Blue 100…0%",
          "colorsStart": ["#ff00ff"],
          "colorsEnd": ["#ff0000"]
        },
        {
          "dmxRange": [131, 150],
          "type": "ColorPreset",
          "comment": "Red 100%, Green 0…100%, Blue 0…100%",
          "colorsStart": ["#ff0000"],
          "colorsEnd": ["#ffffff"]
        },
        {
          "dmxRange": [151, 170],
          "type": "ColorPreset",
          "comment": "Red 100…0%, Green 100…0%, Blue 100%",
          "colorsStart": ["#ffffff"],
          "colorsEnd": ["#0000ff"]
        },
        {
          "dmxRange": [171, 200],
          "type": "ColorPreset",
          "comment": "Red 100%, Green 100%, Blue 100%, Amber 100%",
          "colors": ["#ffdf80"]
        },
        {
          "dmxRange": [201, 205],
          "type": "ColorPreset",
          "comment": "White 1",
          "helpWanted": "Which white tones can be selected here? Are they from cold white to warm white or similar?"
        },
        {
          "dmxRange": [206, 210],
          "type": "ColorPreset",
          "comment": "White 2"
        },
        {
          "dmxRange": [211, 215],
          "type": "ColorPreset",
          "comment": "White 3"
        },
        {
          "dmxRange": [216, 220],
          "type": "ColorPreset",
          "comment": "White 4"
        },
        {
          "dmxRange": [221, 225],
          "type": "ColorPreset",
          "comment": "White 5"
        },
        {
          "dmxRange": [226, 230],
          "type": "ColorPreset",
          "comment": "White 6"
        },
        {
          "dmxRange": [231, 235],
          "type": "ColorPreset",
          "comment": "White 7"
        },
        {
          "dmxRange": [236, 240],
          "type": "ColorPreset",
          "comment": "White 8"
        },
        {
          "dmxRange": [241, 245],
          "type": "ColorPreset",
          "comment": "White 9"
        },
        {
          "dmxRange": [246, 250],
          "type": "ColorPreset",
          "comment": "White 10"
        },
        {
          "dmxRange": [251, 255],
          "type": "ColorPreset",
          "comment": "White 11"
        }
      ]
    },
    "Auto Programs": {
      "capabilities": [
        {
          "dmxRange": [0, 51],
          "type": "NoFunction"
        },
        {
          "dmxRange": [52, 101],
          "type": "Effect",
          "effectName": "Auto program 1"
        },
        {
          "dmxRange": [102, 152],
          "type": "Effect",
          "effectName": "Auto program 2"
        },
        {
          "dmxRange": [153, 203],
          "type": "Effect",
          "effectName": "Auto program 3"
        },
        {
          "dmxRange": [204, 254],
          "type": "Effect",
          "effectName": "Auto program 4"
        },
        {
          "dmxRange": [255, 255],
          "type": "Effect",
          "effectName": "Auto program 5"
        }
      ]
    },
    "Program Speed": {
      "capability": {
        "type": "EffectSpeed",
        "speedStart": "slow",
        "speedEnd": "fast"
      }
    },
    "Dimmer Curve": {
      "capabilities": [
        {
          "dmxRange": [0, 51],
          "type": "NoFunction",
          "comment": "Dimmer curve set from display menu"
        },
        {
          "dmxRange": [52, 101],
          "type": "Maintenance",
          "comment": "Linear dimmer"
        },
        {
          "dmxRange": [102, 152],
          "type": "Maintenance",
          "comment": "Nonlinear dimmer curve 1 (fastest)"
        },
        {
          "dmxRange": [153, 203],
          "type": "Maintenance",
          "comment": "Nonlinear dimmer curve 2"
        },
        {
          "dmxRange": [204, 255],
          "type": "Maintenance",
          "comment": "Nonlinear dimmer curve 3 (slowest)"
        }
      ]
    },
    "Auto Programs 2": {
      "name": "Auto Programs",
      "capabilities": [
        {
          "dmxRange": [0, 10],
          "type": "NoFunction"
        },
        {
          "dmxRange": [11, 30],
          "type": "Effect",
          "effectName": "Auto program 1"
        },
        {
          "dmxRange": [31, 50],
          "type": "Effect",
          "effectName": "Auto program 2"
        },
        {
          "dmxRange": [51, 70],
          "type": "Effect",
          "effectName": "Auto program 3"
        },
        {
          "dmxRange": [71, 90],
          "type": "Effect",
          "effectName": "Auto program 4"
        },
        {
          "dmxRange": [91, 110],
          "type": "Effect",
          "effectName": "Auto program 5"
        },
        {
          "dmxRange": [111, 130],
          "type": "Effect",
          "effectName": "Auto program 6"
        },
        {
          "dmxRange": [131, 150],
          "type": "Effect",
          "effectName": "Auto program 7"
        },
        {
          "dmxRange": [151, 170],
          "type": "Effect",
          "effectName": "Auto program 8"
        },
        {
          "dmxRange": [171, 190],
          "type": "Effect",
          "effectName": "Auto program 9"
        },
        {
          "dmxRange": [191, 210],
          "type": "Effect",
          "effectName": "Auto program 10"
        },
        {
          "dmxRange": [211, 230],
          "type": "Effect",
          "effectName": "Auto program 11"
        },
        {
          "dmxRange": [231, 250],
          "type": "Effect",
          "effectName": "Auto program 12"
        },
        {
          "dmxRange": [251, 255],
          "type": "Effect",
          "effectName": "Random auto program"
        }
      ]
    }
  },
  "templateChannels": {
    "Red $pixelKey": {
      "capability": {
        "type": "ColorIntensity",
        "color": "Red"
      }
    },
    "Green $pixelKey": {
      "capability": {
        "type": "ColorIntensity",
        "color": "Green"
      }
    },
    "Blue $pixelKey": {
      "capability": {
        "type": "ColorIntensity",
        "color": "Blue"
      }
    },
    "Amber $pixelKey": {
      "capability": {
        "type": "ColorIntensity",
        "color": "Amber"
      }
    }
  },
  "modes": [
    {
      "name": "4-channel",
      "shortName": "4ch",
      "channels": [
        "Red",
        "Green",
        "Blue",
        "Amber"
      ]
    },
    {
      "name": "6-channel",
      "shortName": "6ch",
      "channels": [
        "Dimmer",
        "Red",
        "Green",
        "Blue",
        "Amber",
        "Strobe"
      ]
    },
    {
      "name": "10-channel",
      "shortName": "10ch",
      "channels": [
        "Dimmer",
        "Red",
        "Green",
        "Blue",
        "Amber",
        "Strobe",
        "Color Macros + White Balance",
        "Auto Programs",
        "Program Speed",
        "Dimmer Curve"
      ]
    },
    {
      "name": "24-channel",
      "shortName": "24ch",
      "channels": [
        {
          "insert": "matrixChannels",
          "repeatFor": "eachPixelABC",
          "channelOrder": "perPixel",
          "templateChannels": [
            "Red $pixelKey",
            "Green $pixelKey",
            "Blue $pixelKey",
            "Amber $pixelKey"
          ]
        }
      ]
    },
    {
      "name": "28-channel",
      "shortName": "28ch",
      "channels": [
        {
          "insert": "matrixChannels",
          "repeatFor": "eachPixelABC",
          "channelOrder": "perPixel",
          "templateChannels": [
            "Red $pixelKey",
            "Green $pixelKey",
            "Blue $pixelKey",
            "Amber $pixelKey"
          ]
        },
        "Auto Programs 2",
        "Program Speed",
        "Dimmer",
        "Strobe"
      ]
    }
  ],
  "fixtureKey": "colordash-batten-quad-6",
  "manufacturerKey": "chauvet-professional",
  "oflURL": "https://open-fixture-library.org/chauvet-professional/colordash-batten-quad-6"
}
