{
  "$schema": "https://raw.githubusercontent.com/OpenLightingProject/open-fixture-library/schema-12.3.0/schemas/fixture.json",
  "name": "H2000 Faze Machine",
  "categories": ["Hazer", "Smoke"],
  "meta": {
    "authors": ["DMS"],
    "createDate": "2019-02-21",
    "lastModifyDate": "2019-02-21",
    "importPlugin": {
      "plugin": "qlcplus_4.11.2",
      "date": "2019-02-21",
      "comment": "created by Q Light Controller Plus (version 4.10.5b)"
    }
  },
  "links": {
    "manual": [
      "https://www.tronios.com/fileuploader/download/download/?d=0&file=custom%2Fupload%2F160.512+Beamz+Fazer+H2000+V1.4.pdf"
    ],
    "productPage": [
      "https://www.beamzlighting.com/product/h2000-faze-machine-with-dmx/"
    ],
    "video": [
      "https://www.youtube.com/watch?v=Fxl80HCGqjA"
    ]
  },
  "physical": {
    "dimensions": [185, 350, 360],
    "weight": 6.8,
    "power": 1700,
    "DMXconnector": "3-pin"
  },
  "availableChannels": {
    "Smoke": {
      "capability": {
        "type": "Fog",
        "fogOutputStart": "off",
        "fogOutputEnd": "strong"
      }
    },
    "Fan": {
      "capability": {
        "type": "Speed",
        "speedStart": "80%",
        "speedEnd": "100%",
        "comment": "Fan Speed"
      }
    }
  },
  "modes": [
    {
      "name": "2-channel",
      "shortName": "2ch",
      "channels": [
        "Smoke",
        "Fan"
      ]
    }
  ],
  "fixtureKey": "h2000-faze-machine",
  "manufacturerKey": "beamz",
  "oflURL": "https://open-fixture-library.org/beamz/h2000-faze-machine"
}
