{
  "$schema": "https://raw.githubusercontent.com/OpenLightingProject/open-fixture-library/schema-12.3.0/schemas/fixture.json",
  "name": "SePar Quad LED RGB UV",
  "shortName": "FunGenSeParRGBUV",
  "categories": ["Color Changer"],
  "meta": {
    "authors": ["Anonymous", "Felix Edelmann"],
    "createDate": "2019-05-04",
    "lastModifyDate": "2019-05-04"
  },
  "links": {
    "manual": [
      "https://images.static-thomann.de/pics/atg/atgdata/document/manual/399604_c_399539_399604_r4_en_online.pdf"
    ],
    "productPage": [
      "https://www.thomann.de/intl/fun_generation_separ_quad_led_rgb_uv_ir.htm"
    ],
    "video": [
      "https://www.youtube.com/watch?v=t4v9gRd8nZI"
    ]
  },
  "physical": {
    "dimensions": [228, 227, 112],
    "weight": 1.1,
    "power": 25,
    "DMXconnector": "3-pin",
    "bulb": {
      "type": "5x 4W RGBUV LEDs"
    },
    "lens": {
      "degreesMinMax": [20, 20]
    }
  },
  "availableChannels": {
    "Red": {
      "defaultValue": 0,
      "capability": {
        "type": "ColorIntensity",
        "color": "Red"
      }
    },
    "Green": {
      "defaultValue": 0,
      "capability": {
        "type": "ColorIntensity",
        "color": "Green"
      }
    },
    "Blue": {
      "defaultValue": 0,
      "capability": {
        "type": "ColorIntensity",
        "color": "Blue"
      }
    },
    "UV": {
      "defaultValue": 0,
      "capability": {
        "type": "ColorIntensity",
        "color": "UV"
      }
    },
    "Intensity": {
      "defaultValue": 0,
      "capability": {
        "type": "Intensity"
      }
    },
    "Strobe": {
      "defaultValue": 0,
      "capability": {
        "type": "ShutterStrobe",
        "shutterEffect": "Strobe",
        "speedStart": "slow",
        "speedEnd": "fast",
        "helpWanted": "At which DMX value is strobe disabled? When is the lamp constantly on/off?"
      }
    },
    "Colors / Programs": {
      "defaultValue": 0,
      "capabilities": [
        {
          "dmxRange": [0, 4],
          "type": "NoFunction",
          "switchChannels": {
            "Program Speed / Sound Sensitivity": "Program Speed"
          }
        },
        {
          "dmxRange": [5, 9],
          "type": "ColorPreset",
          "comment": "Red",
          "colors": ["#ff0000"],
          "switchChannels": {
            "Program Speed / Sound Sensitivity": "Program Speed"
          }
        },
        {
          "dmxRange": [10, 14],
          "type": "ColorPreset",
          "comment": "Yellow",
          "colors": ["#ffff00"],
          "switchChannels": {
            "Program Speed / Sound Sensitivity": "Program Speed"
          }
        },
        {
          "dmxRange": [15, 19],
          "type": "ColorPreset",
          "comment": "Fawn",
          "colors": ["#e5aa70"],
          "switchChannels": {
            "Program Speed / Sound Sensitivity": "Program Speed"
          }
        },
        {
          "dmxRange": [20, 24],
          "type": "ColorPreset",
          "comment": "Green",
          "colors": ["#00ff00"],
          "switchChannels": {
            "Program Speed / Sound Sensitivity": "Program Speed"
          }
        },
        {
          "dmxRange": [25, 29],
          "type": "ColorPreset",
          "comment": "Cyan",
          "colors": ["#00ffff"],
          "switchChannels": {
            "Program Speed / Sound Sensitivity": "Program Speed"
          }
        },
        {
          "dmxRange": [30, 34],
          "type": "ColorPreset",
          "comment": "Blue",
          "colors": ["#0000ff"],
          "switchChannels": {
            "Program Speed / Sound Sensitivity": "Program Speed"
          }
        },
        {
          "dmxRange": [35, 39],
          "type": "ColorPreset",
          "comment": "Purple",
          "colors": ["#ff00ff"],
          "switchChannels": {
            "Program Speed / Sound Sensitivity": "Program Speed"
          }
        },
        {
          "dmxRange": [40, 44],
          "type": "ColorPreset",
          "comment": "Pink",
          "colors": ["#ff99dd"],
          "switchChannels": {
            "Program Speed / Sound Sensitivity": "Program Speed"
          }
        },
        {
          "dmxRange": [45, 49],
          "type": "ColorPreset",
          "comment": "Amber",
          "colors": ["#ffaa00"],
          "switchChannels": {
            "Program Speed / Sound Sensitivity": "Program Speed"
          }
        },
        {
          "dmxRange": [50, 54],
          "type": "ColorPreset",
          "comment": "Light red",
          "colors": ["#ffaaaa"],
          "switchChannels": {
            "Program Speed / Sound Sensitivity": "Program Speed"
          }
        },
        {
          "dmxRange": [55, 59],
          "type": "ColorPreset",
          "comment": "Light green",
          "colors": ["#aaffaa"],
          "switchChannels": {
            "Program Speed / Sound Sensitivity": "Program Speed"
          }
        },
        {
          "dmxRange": [60, 64],
          "type": "ColorPreset",
          "comment": "Light blue",
          "colors": ["#aaaaff"],
          "switchChannels": {
            "Program Speed / Sound Sensitivity": "Program Speed"
          }
        },
        {
          "dmxRange": [65, 69],
          "type": "ColorPreset",
          "comment": "Cold white",
          "colors": ["#ddeeff"],
          "switchChannels": {
            "Program Speed / Sound Sensitivity": "Program Speed"
          }
        },
        {
          "dmxRange": [70, 74],
          "type": "ColorPreset",
          "comment": "Warm white",
          "colors": ["#ffeedd"],
          "switchChannels": {
            "Program Speed / Sound Sensitivity": "Program Speed"
          }
        },
        {
          "dmxRange": [75, 79],
          "type": "ColorPreset",
          "comment": "UV",
          "colors": ["#8800ff"],
          "switchChannels": {
            "Program Speed / Sound Sensitivity": "Program Speed"
          }
        },
        {
          "dmxRange": [80, 89],
          "type": "Effect",
          "effectName": "Automatic show 2",
          "switchChannels": {
            "Program Speed / Sound Sensitivity": "Program Speed"
          }
        },
        {
          "dmxRange": [90, 99],
          "type": "Effect",
          "effectName": "Automatic show 3",
          "switchChannels": {
            "Program Speed / Sound Sensitivity": "Program Speed"
          }
        },
        {
          "dmxRange": [100, 109],
          "type": "Effect",
          "effectName": "Automatic show 4",
          "switchChannels": {
            "Program Speed / Sound Sensitivity": "Program Speed"
          }
        },
        {
          "dmxRange": [110, 119],
          "type": "Effect",
          "effectName": "Automatic show 5",
          "switchChannels": {
            "Program Speed / Sound Sensitivity": "Program Speed"
          }
        },
        {
          "dmxRange": [120, 129],
          "type": "Effect",
          "effectName": "Automatic show 6",
          "switchChannels": {
            "Program Speed / Sound Sensitivity": "Program Speed"
          }
        },
        {
          "dmxRange": [130, 139],
          "type": "Effect",
          "effectName": "Automatic show 7",
          "switchChannels": {
            "Program Speed / Sound Sensitivity": "Program Speed"
          }
        },
        {
          "dmxRange": [140, 149],
          "type": "Effect",
          "effectName": "Automatic show 8",
          "switchChannels": {
            "Program Speed / Sound Sensitivity": "Program Speed"
          }
        },
        {
          "dmxRange": [150, 159],
          "type": "Effect",
          "effectName": "Automatic show 9",
          "switchChannels": {
            "Program Speed / Sound Sensitivity": "Program Speed"
          }
        },
        {
          "dmxRange": [160, 169],
          "type": "Effect",
          "effectName": "Automatic show 10",
          "switchChannels": {
            "Program Speed / Sound Sensitivity": "Program Speed"
          }
        },
        {
          "dmxRange": [170, 179],
          "type": "Effect",
          "effectName": "Automatic show 11",
          "switchChannels": {
            "Program Speed / Sound Sensitivity": "Program Speed"
          }
        },
        {
          "dmxRange": [180, 189],
          "type": "Effect",
          "effectName": "Automatic show 12",
          "switchChannels": {
            "Program Speed / Sound Sensitivity": "Program Speed"
          }
        },
        {
          "dmxRange": [190, 255],
          "type": "Effect",
          "effectName": "Music-controlled show",
          "soundControlled": true,
          "switchChannels": {
            "Program Speed / Sound Sensitivity": "Sound Sensitivity"
          }
        }
      ]
    },
    "Program Speed": {
      "capability": {
        "type": "EffectSpeed",
        "speedStart": "slow",
        "speedEnd": "fast"
      }
    },
    "Sound Sensitivity": {
      "capability": {
        "type": "SoundSensitivity",
        "soundSensitivityStart": "low",
        "soundSensitivityEnd": "high"
      }
    }
  },
  "modes": [
    {
      "name": "2-channel",
      "shortName": "2ch",
      "channels": [
        "Colors / Programs",
        "Program Speed / Sound Sensitivity"
      ]
    },
    {
      "name": "4-channel",
      "shortName": "4ch",
      "channels": [
        "Red",
        "Green",
        "Blue",
        "UV"
      ]
    },
    {
      "name": "6-channel",
      "shortName": "6ch",
      "channels": [
        "Red",
        "Green",
        "Blue",
        "UV",
        "Intensity",
        "Strobe"
      ]
    },
    {
      "name": "8-channel",
      "shortName": "8ch",
      "channels": [
        "Red",
        "Green",
        "Blue",
        "UV",
        "Intensity",
        "Strobe",
        "Colors / Programs",
        "Program Speed / Sound Sensitivity"
      ]
    }
  ],
  "fixtureKey": "separ-quad-led-rgb-uv",
  "manufacturerKey": "fun-generation",
  "oflURL": "https://open-fixture-library.org/fun-generation/separ-quad-led-rgb-uv"
}
