{
  "$schema": "https://raw.githubusercontent.com/OpenLightingProject/open-fixture-library/schema-12.3.0/schemas/fixture.json",
  "name": "base*hazer*pro",
  "shortName": "basehazerpro",
  "categories": ["Hazer"],
  "meta": {
    "authors": ["Flo Edelmann"],
    "createDate": "2019-11-05",
    "lastModifyDate": "2019-11-05"
  },
  "links": {
    "manual": [
      "https://hazebase.com/wp-content/uploads/manual_base_hazer.pdf"
    ],
    "productPage": [
      "https://www.hazebaseamerica.com/base_hazer_pro.php"
    ],
    "video": [
      "https://www.youtube.com/watch?v=m1Z7sziCdL0"
    ]
  },
  "physical": {
    "dimensions": [59.4, 18.5, 54],
    "weight": 18,
    "power": 1500,
    "DMXconnector": "5-pin"
  },
  "availableChannels": {
    "Haze": {
      "capability": {
        "type": "Fog",
        "fogType": "Haze",
        "fogOutputStart": "off",
        "fogOutputEnd": "strong"
      }
    },
    "Fan": {
      "capability": {
        "type": "Rotation",
        "speedStart": "slow CW",
        "speedEnd": "fast CW"
      }
    }
  },
  "modes": [
    {
      "name": "2-channel",
      "shortName": "2ch",
      "channels": [
        "Haze",
        "Fan"
      ]
    }
  ],
  "fixtureKey": "base-hazer-pro",
  "manufacturerKey": "hazebase",
  "oflURL": "https://open-fixture-library.org/hazebase/base-hazer-pro"
}
