{
  "$schema": "https://raw.githubusercontent.com/OpenLightingProject/open-fixture-library/schema-12.3.0/schemas/fixture.json",
  "name": "Phantom 140 LED Beam",
  "shortName": "Phant140",
  "categories": ["Moving Head", "Color Changer"],
  "meta": {
    "authors": ["Flo Edelmann", "Felix Edelmann"],
    "createDate": "2017-05-24",
    "lastModifyDate": "2018-09-04"
  },
  "comment": "Ordercode 40194",
  "links": {
    "manual": [
      "https://www.highlite.com/media/attachments/MANUAL/40194_MANUAL_GB_V2.pdf"
    ],
    "video": [
      "https://www.youtube.com/watch?v=wJxhroCbM5U"
    ]
  },
  "physical": {
    "dimensions": [330, 460, 245],
    "weight": 17.28,
    "power": 230,
    "DMXconnector": "3-pin",
    "bulb": {
      "type": "LED"
    },
    "lens": {
      "degreesMinMax": [4, 4]
    }
  },
  "wheels": {
    "Color Wheel": {
      "slots": [
        {
          "type": "Open"
        },
        {
          "type": "Color",
          "name": "Yellow",
          "colors": ["#fffc00"]
        },
        {
          "type": "Color",
          "name": "Light Pink",
          "colors": ["#ff8697"]
        },
        {
          "type": "Color",
          "name": "Green",
          "colors": ["#1c7403"]
        },
        {
          "type": "Color",
          "name": "Red",
          "colors": ["#cd000f"]
        },
        {
          "type": "Color",
          "name": "Bright Blue",
          "colors": ["#0065fd"]
        },
        {
          "type": "Color",
          "name": "Light Green",
          "colors": ["#60fb0a"]
        },
        {
          "type": "Color",
          "name": "Dark Yellow",
          "colors": ["#e1e900"]
        },
        {
          "type": "Color",
          "name": "Old Yellow",
          "colors": ["#ff9c03"]
        },
        {
          "type": "Color",
          "name": "Violet",
          "colors": ["#7173c8"]
        },
        {
          "type": "Color",
          "name": "Hard Pink",
          "colors": ["#ee008a"]
        },
        {
          "type": "Color",
          "name": "Light Blue",
          "colors": ["#6ea4ee"]
        },
        {
          "type": "Color",
          "name": "Moon Yellow",
          "colors": ["#f8d158"]
        },
        {
          "type": "Color",
          "name": "Steel Blue",
          "colors": ["#d6e5fc"]
        },
        {
          "type": "Color",
          "name": "UV",
          "colors": ["#33199e"]
        }
      ]
    },
    "Gobo Wheel": {
      "slots": [
        {
          "type": "Open"
        },
        {
          "type": "Gobo"
        },
        {
          "type": "Gobo"
        },
        {
          "type": "Gobo"
        },
        {
          "type": "Gobo"
        },
        {
          "type": "Gobo"
        },
        {
          "type": "Gobo"
        },
        {
          "type": "Gobo"
        },
        {
          "type": "Gobo"
        },
        {
          "type": "Gobo"
        },
        {
          "type": "Gobo"
        },
        {
          "type": "Gobo"
        },
        {
          "type": "Gobo"
        },
        {
          "type": "Gobo"
        },
        {
          "type": "Gobo"
        },
        {
          "type": "Gobo"
        },
        {
          "type": "Gobo"
        },
        {
          "type": "Gobo"
        }
      ]
    }
  },
  "availableChannels": {
    "Pan": {
      "fineChannelAliases": ["Pan fine"],
      "dmxValueResolution": "8bit",
      "defaultValue": 128,
      "capability": {
        "type": "Pan",
        "angleStart": "0deg",
        "angleEnd": "540deg"
      }
    },
    "Tilt": {
      "fineChannelAliases": ["Tilt fine"],
      "dmxValueResolution": "8bit",
      "defaultValue": 128,
      "capability": {
        "type": "Tilt",
        "angleStart": "0deg",
        "angleEnd": "270deg"
      }
    },
    "Pan/Tilt Speed": {
      "capability": {
        "type": "PanTiltSpeed",
        "speedStart": "fast",
        "speedEnd": "slow"
      }
    },
    "Color Wheel": {
      "capabilities": [
        {
          "dmxRange": [0, 3],
          "type": "WheelSlot",
          "slotNumber": 1
        },
        {
          "dmxRange": [4, 7],
          "type": "WheelSlot",
          "slotNumber": 2
        },
        {
          "dmxRange": [8, 11],
          "type": "WheelSlot",
          "slotNumber": 3
        },
        {
          "dmxRange": [12, 15],
          "type": "WheelSlot",
          "slotNumber": 4
        },
        {
          "dmxRange": [16, 19],
          "type": "WheelSlot",
          "slotNumber": 5
        },
        {
          "dmxRange": [20, 23],
          "type": "WheelSlot",
          "slotNumber": 6
        },
        {
          "dmxRange": [24, 27],
          "type": "WheelSlot",
          "slotNumber": 7
        },
        {
          "dmxRange": [28, 31],
          "type": "WheelSlot",
          "slotNumber": 8
        },
        {
          "dmxRange": [32, 35],
          "type": "WheelSlot",
          "slotNumber": 9
        },
        {
          "dmxRange": [36, 39],
          "type": "WheelSlot",
          "slotNumber": 10
        },
        {
          "dmxRange": [40, 43],
          "type": "WheelSlot",
          "slotNumber": 11
        },
        {
          "dmxRange": [44, 47],
          "type": "WheelSlot",
          "slotNumber": 12
        },
        {
          "dmxRange": [48, 51],
          "type": "WheelSlot",
          "slotNumber": 13
        },
        {
          "dmxRange": [52, 55],
          "type": "WheelSlot",
          "slotNumber": 14
        },
        {
          "dmxRange": [56, 63],
          "type": "WheelSlot",
          "slotNumber": 15
        },
        {
          "dmxRange": [64, 67],
          "type": "WheelSlot",
          "slotNumber": 1.5
        },
        {
          "dmxRange": [68, 71],
          "type": "WheelSlot",
          "slotNumber": 2.5
        },
        {
          "dmxRange": [72, 75],
          "type": "WheelSlot",
          "slotNumber": 3.5
        },
        {
          "dmxRange": [76, 79],
          "type": "WheelSlot",
          "slotNumber": 4.5
        },
        {
          "dmxRange": [80, 83],
          "type": "WheelSlot",
          "slotNumber": 5.5
        },
        {
          "dmxRange": [84, 87],
          "type": "WheelSlot",
          "slotNumber": 6.5
        },
        {
          "dmxRange": [88, 91],
          "type": "WheelSlot",
          "slotNumber": 7.5
        },
        {
          "dmxRange": [92, 95],
          "type": "WheelSlot",
          "slotNumber": 8.5
        },
        {
          "dmxRange": [96, 99],
          "type": "WheelSlot",
          "slotNumber": 9.5
        },
        {
          "dmxRange": [100, 103],
          "type": "WheelSlot",
          "slotNumber": 10.5
        },
        {
          "dmxRange": [104, 107],
          "type": "WheelSlot",
          "slotNumber": 11.5
        },
        {
          "dmxRange": [108, 111],
          "type": "WheelSlot",
          "slotNumber": 12.5
        },
        {
          "dmxRange": [112, 115],
          "type": "WheelSlot",
          "slotNumber": 13.5
        },
        {
          "dmxRange": [116, 119],
          "type": "WheelSlot",
          "slotNumber": 14.5
        },
        {
          "dmxRange": [120, 127],
          "type": "WheelSlot",
          "slotNumber": 15.5
        },
        {
          "dmxRange": [128, 191],
          "type": "WheelRotation",
          "speedStart": "slow CW",
          "speedEnd": "fast CW",
          "menuClick": "center"
        },
        {
          "dmxRange": [192, 255],
          "type": "WheelRotation",
          "speedStart": "slow CCW",
          "speedEnd": "fast CCW",
          "menuClick": "center"
        }
      ]
    },
    "Shutter": {
      "defaultValue": 255,
      "highlightValue": 200,
      "capabilities": [
        {
          "dmxRange": [0, 3],
          "type": "ShutterStrobe",
          "shutterEffect": "Closed"
        },
        {
          "dmxRange": [4, 7],
          "type": "ShutterStrobe",
          "shutterEffect": "Open"
        },
        {
          "dmxRange": [8, 76],
          "type": "ShutterStrobe",
          "shutterEffect": "Strobe",
          "speedStart": "0Hz",
          "speedEnd": "10Hz",
          "menuClick": "center"
        },
        {
          "dmxRange": [77, 145],
          "type": "ShutterStrobe",
          "shutterEffect": "Pulse",
          "speedStart": "slow",
          "speedEnd": "fast",
          "menuClick": "center"
        },
        {
          "dmxRange": [146, 215],
          "type": "ShutterStrobe",
          "shutterEffect": "Strobe",
          "speedStart": "0Hz",
          "speedEnd": "10Hz",
          "randomTiming": true,
          "menuClick": "center"
        },
        {
          "dmxRange": [216, 255],
          "type": "ShutterStrobe",
          "shutterEffect": "Open"
        }
      ]
    },
    "Dimmer": {
      "highlightValue": 255,
      "capability": {
        "type": "Intensity"
      }
    },
    "Gobo Wheel": {
      "capabilities": [
        {
          "dmxRange": [0, 3],
          "type": "WheelSlot",
          "slotNumber": 1
        },
        {
          "dmxRange": [4, 7],
          "type": "WheelSlot",
          "slotNumber": 2
        },
        {
          "dmxRange": [8, 11],
          "type": "WheelSlot",
          "slotNumber": 3
        },
        {
          "dmxRange": [12, 15],
          "type": "WheelSlot",
          "slotNumber": 4
        },
        {
          "dmxRange": [16, 19],
          "type": "WheelSlot",
          "slotNumber": 5
        },
        {
          "dmxRange": [20, 23],
          "type": "WheelSlot",
          "slotNumber": 6
        },
        {
          "dmxRange": [24, 27],
          "type": "WheelSlot",
          "slotNumber": 7
        },
        {
          "dmxRange": [28, 31],
          "type": "WheelSlot",
          "slotNumber": 8
        },
        {
          "dmxRange": [32, 35],
          "type": "WheelSlot",
          "slotNumber": 9
        },
        {
          "dmxRange": [36, 39],
          "type": "WheelSlot",
          "slotNumber": 10
        },
        {
          "dmxRange": [40, 43],
          "type": "WheelSlot",
          "slotNumber": 11
        },
        {
          "dmxRange": [44, 47],
          "type": "WheelSlot",
          "slotNumber": 12
        },
        {
          "dmxRange": [48, 51],
          "type": "WheelSlot",
          "slotNumber": 13
        },
        {
          "dmxRange": [52, 55],
          "type": "WheelSlot",
          "slotNumber": 14
        },
        {
          "dmxRange": [56, 59],
          "type": "WheelSlot",
          "slotNumber": 15
        },
        {
          "dmxRange": [60, 63],
          "type": "WheelSlot",
          "slotNumber": 16
        },
        {
          "dmxRange": [64, 67],
          "type": "WheelSlot",
          "slotNumber": 17
        },
        {
          "dmxRange": [68, 71],
          "type": "WheelSlot",
          "slotNumber": 18
        },
        {
          "dmxRange": [72, 77],
          "type": "WheelShake",
          "slotNumber": 18,
          "shakeSpeedStart": "slow",
          "shakeSpeedEnd": "fast"
        },
        {
          "dmxRange": [78, 83],
          "type": "WheelShake",
          "slotNumber": 17,
          "shakeSpeedStart": "slow",
          "shakeSpeedEnd": "fast"
        },
        {
          "dmxRange": [84, 89],
          "type": "WheelShake",
          "slotNumber": 16,
          "shakeSpeedStart": "slow",
          "shakeSpeedEnd": "fast"
        },
        {
          "dmxRange": [90, 95],
          "type": "WheelShake",
          "slotNumber": 15,
          "shakeSpeedStart": "slow",
          "shakeSpeedEnd": "fast"
        },
        {
          "dmxRange": [96, 101],
          "type": "WheelShake",
          "slotNumber": 14,
          "shakeSpeedStart": "slow",
          "shakeSpeedEnd": "fast"
        },
        {
          "dmxRange": [102, 107],
          "type": "WheelShake",
          "slotNumber": 13,
          "shakeSpeedStart": "slow",
          "shakeSpeedEnd": "fast"
        },
        {
          "dmxRange": [108, 113],
          "type": "WheelShake",
          "slotNumber": 12,
          "shakeSpeedStart": "slow",
          "shakeSpeedEnd": "fast"
        },
        {
          "dmxRange": [114, 119],
          "type": "WheelShake",
          "slotNumber": 11,
          "shakeSpeedStart": "slow",
          "shakeSpeedEnd": "fast"
        },
        {
          "dmxRange": [120, 125],
          "type": "WheelShake",
          "slotNumber": 10,
          "shakeSpeedStart": "slow",
          "shakeSpeedEnd": "fast"
        },
        {
          "dmxRange": [126, 131],
          "type": "WheelShake",
          "slotNumber": 9,
          "shakeSpeedStart": "slow",
          "shakeSpeedEnd": "fast"
        },
        {
          "dmxRange": [132, 137],
          "type": "WheelShake",
          "slotNumber": 8,
          "shakeSpeedStart": "slow",
          "shakeSpeedEnd": "fast"
        },
        {
          "dmxRange": [138, 143],
          "type": "WheelShake",
          "slotNumber": 7,
          "shakeSpeedStart": "slow",
          "shakeSpeedEnd": "fast"
        },
        {
          "dmxRange": [144, 149],
          "type": "WheelShake",
          "slotNumber": 6,
          "shakeSpeedStart": "slow",
          "shakeSpeedEnd": "fast"
        },
        {
          "dmxRange": [150, 155],
          "type": "WheelShake",
          "slotNumber": 5,
          "shakeSpeedStart": "slow",
          "shakeSpeedEnd": "fast"
        },
        {
          "dmxRange": [156, 161],
          "type": "WheelShake",
          "slotNumber": 4,
          "shakeSpeedStart": "slow",
          "shakeSpeedEnd": "fast"
        },
        {
          "dmxRange": [162, 167],
          "type": "WheelShake",
          "slotNumber": 3,
          "shakeSpeedStart": "slow",
          "shakeSpeedEnd": "fast"
        },
        {
          "dmxRange": [168, 173],
          "type": "WheelShake",
          "slotNumber": 2,
          "shakeSpeedStart": "slow",
          "shakeSpeedEnd": "fast"
        },
        {
          "dmxRange": [174, 179],
          "type": "WheelSlot",
          "slotNumber": 1
        },
        {
          "dmxRange": [180, 217],
          "type": "WheelRotation",
          "speedStart": "slow CW",
          "speedEnd": "fast CW",
          "menuClick": "center"
        },
        {
          "dmxRange": [218, 255],
          "type": "WheelRotation",
          "speedStart": "slow CCW",
          "speedEnd": "fast CCW",
          "menuClick": "center"
        }
      ]
    },
    "Functions": {
      "capabilities": [
        {
          "dmxRange": [0, 7],
          "type": "NoFunction"
        },
        {
          "dmxRange": [8, 15],
          "type": "Maintenance",
          "comment": "Blackout while Pan/Tilt"
        },
        {
          "dmxRange": [16, 23],
          "type": "Maintenance",
          "comment": "Blackout while Colorwheel"
        },
        {
          "dmxRange": [24, 31],
          "type": "Maintenance",
          "comment": "Blackout while Gobowheel"
        },
        {
          "dmxRange": [32, 39],
          "type": "Maintenance",
          "comment": "Blackout while Pan/Tilt/Colorwheel"
        },
        {
          "dmxRange": [40, 47],
          "type": "Maintenance",
          "comment": "Blackout while Pan/Tilt/Gobowheel"
        },
        {
          "dmxRange": [48, 55],
          "type": "Maintenance",
          "comment": "Blackout while Pan/Tilt/Gobowheel/Colorwheel"
        },
        {
          "dmxRange": [56, 95],
          "type": "NoFunction"
        },
        {
          "dmxRange": [96, 103],
          "type": "Maintenance",
          "comment": "Reset Pan",
          "hold": "5s"
        },
        {
          "dmxRange": [104, 111],
          "type": "Maintenance",
          "comment": "Reset Tilt",
          "hold": "5s"
        },
        {
          "dmxRange": [112, 119],
          "type": "Maintenance",
          "comment": "Reset Colorwheel",
          "hold": "5s"
        },
        {
          "dmxRange": [120, 127],
          "type": "Maintenance",
          "comment": "Reset Gobowheel",
          "hold": "5s"
        },
        {
          "dmxRange": [128, 135],
          "type": "NoFunction"
        },
        {
          "dmxRange": [136, 143],
          "type": "Maintenance",
          "comment": "Reset Prism",
          "hold": "5s"
        },
        {
          "dmxRange": [144, 151],
          "type": "Maintenance",
          "comment": "Reset Focus",
          "hold": "5s"
        },
        {
          "dmxRange": [152, 159],
          "type": "Maintenance",
          "comment": "Reset all Channels",
          "hold": "5s"
        },
        {
          "dmxRange": [160, 255],
          "type": "NoFunction"
        }
      ]
    },
    "Programs": {
      "capabilities": [
        {
          "dmxRange": [0, 7],
          "type": "NoFunction"
        },
        {
          "dmxRange": [8, 23],
          "type": "Effect",
          "effectName": "Built-in Program 1"
        },
        {
          "dmxRange": [24, 39],
          "type": "Effect",
          "effectName": "Built-in Program 2"
        },
        {
          "dmxRange": [40, 55],
          "type": "Effect",
          "effectName": "Built-in Program 3"
        },
        {
          "dmxRange": [56, 71],
          "type": "Effect",
          "effectName": "Built-in Program 4"
        },
        {
          "dmxRange": [72, 87],
          "type": "Effect",
          "effectName": "Built-in Program 5"
        },
        {
          "dmxRange": [88, 103],
          "type": "Effect",
          "effectName": "Built-in Program 6"
        },
        {
          "dmxRange": [104, 119],
          "type": "Effect",
          "effectName": "Built-in Program 7"
        },
        {
          "dmxRange": [120, 135],
          "type": "Effect",
          "effectName": "Built-in Program 8"
        },
        {
          "dmxRange": [136, 151],
          "type": "Effect",
          "effectName": "Sound control 1",
          "soundControlled": true
        },
        {
          "dmxRange": [152, 167],
          "type": "Effect",
          "effectName": "Sound control 2",
          "soundControlled": true
        },
        {
          "dmxRange": [168, 183],
          "type": "Effect",
          "effectName": "Sound control 3",
          "soundControlled": true
        },
        {
          "dmxRange": [184, 199],
          "type": "Effect",
          "effectName": "Sound control 4",
          "soundControlled": true
        },
        {
          "dmxRange": [200, 215],
          "type": "Effect",
          "effectName": "Sound control 5",
          "soundControlled": true
        },
        {
          "dmxRange": [216, 231],
          "type": "Effect",
          "effectName": "Sound control 6",
          "soundControlled": true
        },
        {
          "dmxRange": [232, 247],
          "type": "Effect",
          "effectName": "Sound control 7",
          "soundControlled": true
        },
        {
          "dmxRange": [248, 255],
          "type": "Effect",
          "effectName": "Sound control 8",
          "soundControlled": true
        }
      ]
    },
    "Prism": {
      "highlightValue": 255,
      "capabilities": [
        {
          "dmxRange": [0, 7],
          "type": "NoFunction"
        },
        {
          "dmxRange": [8, 12],
          "type": "Prism",
          "comment": "8-facet"
        },
        {
          "dmxRange": [13, 130],
          "type": "Prism",
          "speedStart": "slow CW",
          "speedEnd": "fast CW"
        },
        {
          "dmxRange": [131, 247],
          "type": "Prism",
          "speedStart": "slow CCW",
          "speedEnd": "fast CCW"
        },
        {
          "dmxRange": [248, 255],
          "type": "Prism",
          "comment": "8-facet"
        }
      ]
    },
    "Focus": {
      "capability": {
        "type": "Focus",
        "distanceStart": "far",
        "distanceEnd": "near"
      }
    },
    "Frost": {
      "capabilities": [
        {
          "dmxRange": [0, 7],
          "type": "NoFunction"
        },
        {
          "dmxRange": [8, 255],
          "type": "Frost",
          "frostIntensity": "high"
        }
      ]
    }
  },
  "modes": [
    {
      "name": "14-channel",
      "shortName": "14ch",
      "channels": [
        "Pan",
        "Tilt",
        "Pan fine",
        "Tilt fine",
        "Pan/Tilt Speed",
        "Color Wheel",
        "Shutter",
        "Dimmer",
        "Gobo Wheel",
        "Functions",
        "Programs",
        "Prism",
        "Focus",
        "Frost"
      ]
    },
    {
      "name": "8-channel",
      "shortName": "8ch",
      "channels": [
        "Pan",
        "Tilt",
        "Color Wheel",
        "Shutter",
        "Gobo Wheel",
        "Prism",
        "Focus",
        "Frost"
      ]
    }
  ],
  "fixtureKey": "phantom-140-led-spot",
  "manufacturerKey": "showtec",
  "oflURL": "https://open-fixture-library.org/showtec/phantom-140-led-spot"
}
