{
  "$schema": "https://raw.githubusercontent.com/OpenLightingProject/open-fixture-library/schema-12.3.0/schemas/fixture.json",
  "name": "Phantom 3R Beam",
  "shortName": "Phant3RBeam",
  "categories": ["Moving Head", "Color Changer"],
  "meta": {
    "authors": ["Flo Edelmann"],
    "createDate": "2019-07-26",
    "lastModifyDate": "2019-07-26"
  },
  "links": {
    "manual": [
      "https://assets.highlite.com/attachments/MANUAL/40076_MANUAL_GB_V2.pdf"
    ],
    "productPage": [
      "https://www.highlite.com/en/40076-phantom-3r-beam.html"
    ],
    "video": [
      "https://vimeo.com/211455354"
    ]
  },
  "physical": {
    "dimensions": [325, 420, 210],
    "weight": 12.5,
    "power": 255,
    "DMXconnector": "3-pin",
    "bulb": {
      "type": "1× 3R/150W",
      "colorTemperature": 8600
    },
    "lens": {
      "degreesMinMax": [3.5, 3.5]
    }
  },
  "wheels": {
    "Color Wheel": {
      "slots": [
        {
          "type": "Open"
        },
        {
          "type": "Color",
          "name": "Red",
          "colors": ["#ff0042"]
        },
        {
          "type": "Color",
          "name": "Yellow",
          "colors": ["#ffe300"]
        },
        {
          "type": "Color",
          "name": "Green",
          "colors": ["#00ff48"]
        },
        {
          "type": "Color",
          "name": "Light Blue",
          "colors": ["#00abff"]
        },
        {
          "type": "Color",
          "name": "Pink",
          "colors": ["#b600ff"]
        },
        {
          "type": "Color",
          "name": "Lime",
          "colors": ["#e0ff00"]
        },
        {
          "type": "Color",
          "name": "Blue",
          "colors": ["#0071ff"]
        },
        {
          "type": "Color",
          "name": "Purple",
          "colors": ["#9200ff"]
        },
        {
          "type": "Color",
          "name": "Light Green",
          "colors": ["#76ff00"]
        },
        {
          "type": "Color",
          "name": "CTO",
          "colors": ["#ffeb85"]
        },
        {
          "type": "Color",
          "name": "½ CTO",
          "colors": ["#fffea0"]
        },
        {
          "type": "Color",
          "name": "CTB",
          "colors": ["#549dff"]
        },
        {
          "type": "Color",
          "name": "Magenta",
          "colors": ["#bd02ff"]
        },
        {
          "type": "Color",
          "name": "UV",
          "colors": ["#7400ff"]
        }
      ]
    },
    "Static Gobo Wheel": {
      "slots": [
        {
          "type": "Open"
        },
        {
          "type": "Gobo"
        },
        {
          "type": "Gobo"
        },
        {
          "type": "Gobo"
        },
        {
          "type": "Gobo"
        },
        {
          "type": "Gobo"
        },
        {
          "type": "Gobo"
        },
        {
          "type": "Gobo"
        },
        {
          "type": "Gobo"
        },
        {
          "type": "Gobo"
        },
        {
          "type": "Gobo"
        },
        {
          "type": "Gobo"
        },
        {
          "type": "Gobo"
        },
        {
          "type": "Gobo"
        },
        {
          "type": "Gobo"
        },
        {
          "type": "Gobo"
        },
        {
          "type": "Gobo"
        },
        {
          "type": "Gobo"
        }
      ]
    }
  },
  "availableChannels": {
    "Pan": {
      "fineChannelAliases": ["Pan fine"],
      "defaultValue": "50%",
      "capability": {
        "type": "Pan",
        "angleStart": "0deg",
        "angleEnd": "540deg"
      }
    },
    "Tilt": {
      "fineChannelAliases": ["Tilt fine"],
      "defaultValue": "50%",
      "capability": {
        "type": "Tilt",
        "angleStart": "0deg",
        "angleEnd": "270deg"
      }
    },
    "Dimmer": {
      "capability": {
        "type": "Intensity"
      }
    },
    "Strobe": {
      "capabilities": [
        {
          "dmxRange": [0, 7],
          "type": "ShutterStrobe",
          "shutterEffect": "Closed"
        },
        {
          "dmxRange": [8, 15],
          "type": "ShutterStrobe",
          "shutterEffect": "Open"
        },
        {
          "dmxRange": [16, 131],
          "type": "ShutterStrobe",
          "shutterEffect": "Strobe",
          "speedStart": "0Hz",
          "speedEnd": "20Hz"
        },
        {
          "dmxRange": [132, 167],
          "type": "ShutterStrobe",
          "shutterEffect": "RampUp",
          "speedStart": "0Hz",
          "speedEnd": "20Hz"
        },
        {
          "dmxRange": [168, 203],
          "type": "ShutterStrobe",
          "shutterEffect": "RampDown",
          "speedStart": "0Hz",
          "speedEnd": "20Hz"
        },
        {
          "dmxRange": [204, 239],
          "type": "ShutterStrobe",
          "shutterEffect": "Pulse",
          "speedStart": "0Hz",
          "speedEnd": "20Hz"
        },
        {
          "dmxRange": [240, 250],
          "type": "ShutterStrobe",
          "shutterEffect": "Strobe",
          "speedStart": "0Hz",
          "speedEnd": "20Hz",
          "randomTiming": true
        },
        {
          "dmxRange": [251, 255],
          "type": "ShutterStrobe",
          "shutterEffect": "Open"
        }
      ]
    },
    "Color Wheel": {
      "capabilities": [
        {
          "dmxRange": [0, 3],
          "type": "WheelSlot",
          "slotNumber": 1
        },
        {
          "dmxRange": [4, 7],
          "type": "WheelSlot",
          "slotNumber": 2
        },
        {
          "dmxRange": [8, 11],
          "type": "WheelSlot",
          "slotNumber": 3
        },
        {
          "dmxRange": [12, 15],
          "type": "WheelSlot",
          "slotNumber": 4
        },
        {
          "dmxRange": [16, 19],
          "type": "WheelSlot",
          "slotNumber": 5
        },
        {
          "dmxRange": [20, 23],
          "type": "WheelSlot",
          "slotNumber": 6
        },
        {
          "dmxRange": [24, 27],
          "type": "WheelSlot",
          "slotNumber": 7
        },
        {
          "dmxRange": [28, 31],
          "type": "WheelSlot",
          "slotNumber": 8
        },
        {
          "dmxRange": [32, 35],
          "type": "WheelSlot",
          "slotNumber": 9
        },
        {
          "dmxRange": [36, 39],
          "type": "WheelSlot",
          "slotNumber": 10
        },
        {
          "dmxRange": [40, 43],
          "type": "WheelSlot",
          "slotNumber": 11
        },
        {
          "dmxRange": [44, 47],
          "type": "WheelSlot",
          "slotNumber": 12
        },
        {
          "dmxRange": [48, 51],
          "type": "WheelSlot",
          "slotNumber": 13
        },
        {
          "dmxRange": [52, 55],
          "type": "WheelSlot",
          "slotNumber": 14
        },
        {
          "dmxRange": [56, 63],
          "type": "WheelSlot",
          "slotNumber": 15
        },
        {
          "dmxRange": [64, 67],
          "type": "WheelSlot",
          "slotNumber": 1.5
        },
        {
          "dmxRange": [68, 71],
          "type": "WheelSlot",
          "slotNumber": 2.5
        },
        {
          "dmxRange": [72, 75],
          "type": "WheelSlot",
          "slotNumber": 3.5
        },
        {
          "dmxRange": [76, 79],
          "type": "WheelSlot",
          "slotNumber": 4.5
        },
        {
          "dmxRange": [80, 83],
          "type": "WheelSlot",
          "slotNumber": 5.5
        },
        {
          "dmxRange": [84, 87],
          "type": "WheelSlot",
          "slotNumber": 6.5
        },
        {
          "dmxRange": [88, 91],
          "type": "WheelSlot",
          "slotNumber": 7.5
        },
        {
          "dmxRange": [92, 95],
          "type": "WheelSlot",
          "slotNumber": 8.5
        },
        {
          "dmxRange": [96, 99],
          "type": "WheelSlot",
          "slotNumber": 9.5
        },
        {
          "dmxRange": [100, 103],
          "type": "WheelSlot",
          "slotNumber": 10.5
        },
        {
          "dmxRange": [104, 107],
          "type": "WheelSlot",
          "slotNumber": 11.5
        },
        {
          "dmxRange": [108, 111],
          "type": "WheelSlot",
          "slotNumber": 12.5
        },
        {
          "dmxRange": [112, 115],
          "type": "WheelSlot",
          "slotNumber": 13.5
        },
        {
          "dmxRange": [116, 119],
          "type": "WheelSlot",
          "slotNumber": 14.5
        },
        {
          "dmxRange": [120, 127],
          "type": "WheelSlot",
          "slotNumber": 15.5
        },
        {
          "dmxRange": [128, 191],
          "type": "WheelRotation",
          "speedStart": "slow CW",
          "speedEnd": "fast CW"
        },
        {
          "dmxRange": [192, 255],
          "type": "WheelRotation",
          "speedStart": "slow CCW",
          "speedEnd": "fast CCW"
        }
      ]
    },
    "Static Gobo Wheel": {
      "capabilities": [
        {
          "dmxRange": [0, 3],
          "type": "WheelSlot",
          "slotNumber": 1
        },
        {
          "dmxRange": [4, 7],
          "type": "WheelSlot",
          "slotNumber": 2
        },
        {
          "dmxRange": [8, 11],
          "type": "WheelSlot",
          "slotNumber": 3
        },
        {
          "dmxRange": [12, 15],
          "type": "WheelSlot",
          "slotNumber": 4
        },
        {
          "dmxRange": [16, 19],
          "type": "WheelSlot",
          "slotNumber": 5
        },
        {
          "dmxRange": [20, 23],
          "type": "WheelSlot",
          "slotNumber": 6
        },
        {
          "dmxRange": [24, 27],
          "type": "WheelSlot",
          "slotNumber": 7
        },
        {
          "dmxRange": [28, 31],
          "type": "WheelSlot",
          "slotNumber": 8
        },
        {
          "dmxRange": [32, 35],
          "type": "WheelSlot",
          "slotNumber": 9
        },
        {
          "dmxRange": [36, 39],
          "type": "WheelSlot",
          "slotNumber": 10
        },
        {
          "dmxRange": [40, 43],
          "type": "WheelSlot",
          "slotNumber": 11
        },
        {
          "dmxRange": [44, 47],
          "type": "WheelSlot",
          "slotNumber": 12
        },
        {
          "dmxRange": [48, 51],
          "type": "WheelSlot",
          "slotNumber": 13
        },
        {
          "dmxRange": [52, 55],
          "type": "WheelSlot",
          "slotNumber": 14
        },
        {
          "dmxRange": [56, 59],
          "type": "WheelSlot",
          "slotNumber": 15
        },
        {
          "dmxRange": [60, 63],
          "type": "WheelSlot",
          "slotNumber": 16
        },
        {
          "dmxRange": [64, 67],
          "type": "WheelSlot",
          "slotNumber": 17
        },
        {
          "dmxRange": [68, 71],
          "type": "WheelSlot",
          "slotNumber": 18
        },
        {
          "dmxRange": [72, 75],
          "type": "WheelShake",
          "slotNumber": 18,
          "shakeSpeedStart": "slow",
          "shakeSpeedEnd": "fast"
        },
        {
          "dmxRange": [76, 79],
          "type": "WheelShake",
          "slotNumber": 17,
          "shakeSpeedStart": "slow",
          "shakeSpeedEnd": "fast"
        },
        {
          "dmxRange": [80, 83],
          "type": "WheelShake",
          "slotNumber": 16,
          "shakeSpeedStart": "slow",
          "shakeSpeedEnd": "fast"
        },
        {
          "dmxRange": [84, 87],
          "type": "WheelShake",
          "slotNumber": 15,
          "shakeSpeedStart": "slow",
          "shakeSpeedEnd": "fast"
        },
        {
          "dmxRange": [88, 91],
          "type": "WheelShake",
          "slotNumber": 14,
          "shakeSpeedStart": "slow",
          "shakeSpeedEnd": "fast"
        },
        {
          "dmxRange": [92, 95],
          "type": "WheelShake",
          "slotNumber": 13,
          "shakeSpeedStart": "slow",
          "shakeSpeedEnd": "fast"
        },
        {
          "dmxRange": [96, 99],
          "type": "WheelShake",
          "slotNumber": 12,
          "shakeSpeedStart": "slow",
          "shakeSpeedEnd": "fast"
        },
        {
          "dmxRange": [100, 103],
          "type": "WheelShake",
          "slotNumber": 11,
          "shakeSpeedStart": "slow",
          "shakeSpeedEnd": "fast"
        },
        {
          "dmxRange": [104, 107],
          "type": "WheelShake",
          "slotNumber": 10,
          "shakeSpeedStart": "slow",
          "shakeSpeedEnd": "fast"
        },
        {
          "dmxRange": [108, 111],
          "type": "WheelShake",
          "slotNumber": 9,
          "shakeSpeedStart": "slow",
          "shakeSpeedEnd": "fast"
        },
        {
          "dmxRange": [112, 115],
          "type": "WheelShake",
          "slotNumber": 8,
          "shakeSpeedStart": "slow",
          "shakeSpeedEnd": "fast"
        },
        {
          "dmxRange": [116, 119],
          "type": "WheelShake",
          "slotNumber": 7,
          "shakeSpeedStart": "slow",
          "shakeSpeedEnd": "fast"
        },
        {
          "dmxRange": [120, 123],
          "type": "WheelShake",
          "slotNumber": 6,
          "shakeSpeedStart": "slow",
          "shakeSpeedEnd": "fast"
        },
        {
          "dmxRange": [124, 127],
          "type": "WheelShake",
          "slotNumber": 5,
          "shakeSpeedStart": "slow",
          "shakeSpeedEnd": "fast"
        },
        {
          "dmxRange": [128, 131],
          "type": "WheelShake",
          "slotNumber": 4,
          "shakeSpeedStart": "slow",
          "shakeSpeedEnd": "fast"
        },
        {
          "dmxRange": [132, 135],
          "type": "WheelShake",
          "slotNumber": 3,
          "shakeSpeedStart": "slow",
          "shakeSpeedEnd": "fast"
        },
        {
          "dmxRange": [136, 139],
          "type": "WheelShake",
          "slotNumber": 2,
          "shakeSpeedStart": "slow",
          "shakeSpeedEnd": "fast"
        },
        {
          "dmxRange": [140, 143],
          "type": "WheelSlot",
          "slotNumber": 1
        },
        {
          "dmxRange": [144, 199],
          "type": "WheelRotation",
          "speedStart": "slow CW",
          "speedEnd": "fast CW"
        },
        {
          "dmxRange": [200, 255],
          "type": "WheelRotation",
          "speedStart": "slow CCW",
          "speedEnd": "fast CCW"
        }
      ]
    },
    "Prism": {
      "capabilities": [
        {
          "dmxRange": [0, 7],
          "type": "NoFunction"
        },
        {
          "dmxRange": [8, 12],
          "type": "Prism",
          "comment": "16-facet"
        },
        {
          "dmxRange": [13, 120],
          "type": "Prism",
          "speedStart": "slow CW",
          "speedEnd": "fast CW"
        },
        {
          "dmxRange": [121, 247],
          "type": "Prism",
          "speedStart": "slow CCW",
          "speedEnd": "fast CCW"
        },
        {
          "dmxRange": [248, 255],
          "type": "Prism"
        }
      ]
    },
    "Focus": {
      "capability": {
        "type": "Focus",
        "distanceStart": "near",
        "distanceEnd": "far"
      }
    },
    "Frost": {
      "capability": {
        "type": "Frost",
        "frostIntensityStart": "off",
        "frostIntensityEnd": "high"
      }
    },
    "Programs": {
      "capabilities": [
        {
          "dmxRange": [0, 7],
          "type": "NoFunction"
        },
        {
          "dmxRange": [8, 23],
          "type": "Effect",
          "effectName": "Program 1"
        },
        {
          "dmxRange": [24, 39],
          "type": "Effect",
          "effectName": "Program 2"
        },
        {
          "dmxRange": [40, 55],
          "type": "Effect",
          "effectName": "Program 3"
        },
        {
          "dmxRange": [56, 71],
          "type": "Effect",
          "effectName": "Program 4"
        },
        {
          "dmxRange": [72, 87],
          "type": "Effect",
          "effectName": "Program 5"
        },
        {
          "dmxRange": [88, 103],
          "type": "Effect",
          "effectName": "Program 6"
        },
        {
          "dmxRange": [104, 119],
          "type": "Effect",
          "effectName": "Program 7"
        },
        {
          "dmxRange": [120, 135],
          "type": "Effect",
          "effectName": "Program 8"
        },
        {
          "dmxRange": [136, 151],
          "type": "Effect",
          "effectName": "Sound-controlled program 1",
          "soundControlled": true
        },
        {
          "dmxRange": [152, 167],
          "type": "Effect",
          "effectName": "Sound-controlled program 2",
          "soundControlled": true
        },
        {
          "dmxRange": [168, 183],
          "type": "Effect",
          "effectName": "Sound-controlled program 3",
          "soundControlled": true
        },
        {
          "dmxRange": [184, 199],
          "type": "Effect",
          "effectName": "Sound-controlled program 4",
          "soundControlled": true
        },
        {
          "dmxRange": [200, 215],
          "type": "Effect",
          "effectName": "Sound-controlled program 5",
          "soundControlled": true
        },
        {
          "dmxRange": [216, 231],
          "type": "Effect",
          "effectName": "Sound-controlled program 6",
          "soundControlled": true
        },
        {
          "dmxRange": [232, 247],
          "type": "Effect",
          "effectName": "Sound-controlled program 7",
          "soundControlled": true
        },
        {
          "dmxRange": [248, 255],
          "type": "Effect",
          "effectName": "Sound-controlled program 8",
          "soundControlled": true
        }
      ]
    },
    "Pan/Tilt Speed": {
      "capability": {
        "type": "PanTiltSpeed",
        "speedStart": "fast",
        "speedEnd": "slow"
      }
    },
    "Channel functions": {
      "capabilities": [
        {
          "dmxRange": [0, 7],
          "type": "NoFunction"
        },
        {
          "dmxRange": [8, 15],
          "type": "Maintenance",
          "comment": "Blackout during Pan/Tilt movement"
        },
        {
          "dmxRange": [16, 23],
          "type": "Maintenance",
          "comment": "Blackout during color wheel movement"
        },
        {
          "dmxRange": [24, 31],
          "type": "Maintenance",
          "comment": "Blackout during gobo wheel movement"
        },
        {
          "dmxRange": [32, 39],
          "type": "Maintenance",
          "comment": "Blackout during Pan/Tilt and color wheel movement"
        },
        {
          "dmxRange": [40, 47],
          "type": "Maintenance",
          "comment": "Blackout during Pan/Tilt and gobo wheel movement"
        },
        {
          "dmxRange": [48, 55],
          "type": "Maintenance",
          "comment": "Blackout during Pan/Tilt and wheels movement"
        },
        {
          "dmxRange": [56, 87],
          "type": "NoFunction"
        },
        {
          "dmxRange": [88, 95],
          "type": "Maintenance",
          "comment": "Lamp on"
        },
        {
          "dmxRange": [96, 103],
          "type": "Maintenance",
          "comment": "Pan reset"
        },
        {
          "dmxRange": [104, 111],
          "type": "Maintenance",
          "comment": "Tilt reset"
        },
        {
          "dmxRange": [112, 119],
          "type": "Maintenance",
          "comment": "Color Wheel reset"
        },
        {
          "dmxRange": [120, 127],
          "type": "Maintenance",
          "comment": "Gobo Wheel reset"
        },
        {
          "dmxRange": [128, 135],
          "type": "Maintenance",
          "comment": "Frost reset"
        },
        {
          "dmxRange": [136, 143],
          "type": "Maintenance",
          "comment": "Prism reset"
        },
        {
          "dmxRange": [144, 151],
          "type": "Maintenance",
          "comment": "Focus reset"
        },
        {
          "dmxRange": [152, 159],
          "type": "Maintenance",
          "comment": "Reset all"
        },
        {
          "dmxRange": [160, 167],
          "type": "Maintenance",
          "comment": "Strobe reset"
        },
        {
          "dmxRange": [168, 231],
          "type": "NoFunction"
        },
        {
          "dmxRange": [232, 239],
          "type": "Maintenance",
          "comment": "Lamp off"
        },
        {
          "dmxRange": [240, 255],
          "type": "NoFunction"
        }
      ]
    }
  },
  "modes": [
    {
      "name": "10-channel",
      "shortName": "10ch",
      "channels": [
        "Pan",
        "Tilt",
        "Dimmer",
        "Strobe",
        "Color Wheel",
        "Static Gobo Wheel",
        "Prism",
        "Focus",
        "Frost",
        "Programs"
      ]
    },
    {
      "name": "14-channel",
      "shortName": "14ch",
      "channels": [
        "Pan",
        "Pan fine",
        "Tilt",
        "Tilt fine",
        "Pan/Tilt Speed",
        "Dimmer",
        "Strobe",
        "Color Wheel",
        "Static Gobo Wheel",
        "Prism",
        "Focus",
        "Frost",
        "Channel functions",
        "Programs"
      ]
    }
  ],
  "fixtureKey": "phantom-3r-beam",
  "manufacturerKey": "showtec",
  "oflURL": "https://open-fixture-library.org/showtec/phantom-3r-beam"
}
