{
  "$schema": "https://raw.githubusercontent.com/OpenLightingProject/open-fixture-library/schema-12.3.0/schemas/fixture.json",
  "name": "Pixel Bar 12 MKII",
  "categories": ["Pixel Bar", "Color Changer"],
  "meta": {
    "authors": ["Felix Edelmann"],
    "createDate": "2018-02-08",
    "lastModifyDate": "2018-08-24"
  },
  "links": {
    "manual": [
      "https://www.highlite.com/media/attachments/MANUAL/41304_MANUAL_GB_V1.pdf"
    ],
    "video": [
      "https://www.youtube.com/watch?v=C52A9mJ3McY"
    ]
  },
  "physical": {
    "dimensions": [1070, 135, 75],
    "weight": 3.88,
    "power": 50,
    "DMXconnector": "3-pin",
    "bulb": {
      "type": "12x RGB 3W LEDs",
      "lumens": 1380
    },
    "lens": {
      "degreesMinMax": [40, 40]
    }
  },
  "matrix": {
    "pixelKeys": [
      [
        [
          "12",
          "11",
          "10",
          "9",
          "8",
          "7",
          "6",
          "5",
          "4",
          "3",
          "2",
          "1"
        ]
      ]
    ],
    "pixelGroups": {
      "Master": "all",
      "1/2": {
        "x": [
          ">=7"
        ]
      },
      "2/2": {
        "x": [
          "<=6"
        ]
      },
      "1/3": [
        "1",
        "2",
        "3",
        "4"
      ],
      "2/3": [
        "5",
        "6",
        "7",
        "8"
      ],
      "3/3": [
        "9",
        "10",
        "11",
        "12"
      ],
      "1/4": [
        "1",
        "2",
        "3"
      ],
      "2/4": [
        "4",
        "5",
        "6"
      ],
      "3/4": [
        "7",
        "8",
        "9"
      ],
      "4/4": [
        "10",
        "11",
        "12"
      ],
      "1/6": [
        "1",
        "2"
      ],
      "2/6": [
        "3",
        "4"
      ],
      "3/6": [
        "5",
        "6"
      ],
      "4/6": [
        "7",
        "8"
      ],
      "5/6": [
        "9",
        "10"
      ],
      "6/6": [
        "11",
        "12"
      ]
    }
  },
  "availableChannels": {
    "Master Dimmer": {
      "defaultValue": 0,
      "capability": {
        "type": "Intensity"
      }
    },
    "Programs": {
      "defaultValue": 0,
      "capabilities": [
        {
          "dmxRange": [0, 6],
          "type": "NoFunction",
          "switchChannels": {
            "Program Speed / Sound Sensitivity": "Program Speed"
          }
        },
        {
          "dmxRange": [7, 13],
          "type": "Effect",
          "effectName": "Program 1",
          "switchChannels": {
            "Program Speed / Sound Sensitivity": "Program Speed"
          }
        },
        {
          "dmxRange": [14, 20],
          "type": "Effect",
          "effectName": "Program 2",
          "switchChannels": {
            "Program Speed / Sound Sensitivity": "Program Speed"
          }
        },
        {
          "dmxRange": [21, 27],
          "type": "Effect",
          "effectName": "Program 3",
          "switchChannels": {
            "Program Speed / Sound Sensitivity": "Program Speed"
          }
        },
        {
          "dmxRange": [28, 34],
          "type": "Effect",
          "effectName": "Program 4",
          "switchChannels": {
            "Program Speed / Sound Sensitivity": "Program Speed"
          }
        },
        {
          "dmxRange": [35, 41],
          "type": "Effect",
          "effectName": "Program 5",
          "switchChannels": {
            "Program Speed / Sound Sensitivity": "Program Speed"
          }
        },
        {
          "dmxRange": [42, 48],
          "type": "Effect",
          "effectName": "Program 6",
          "switchChannels": {
            "Program Speed / Sound Sensitivity": "Program Speed"
          }
        },
        {
          "dmxRange": [49, 55],
          "type": "Effect",
          "effectName": "Program 7",
          "switchChannels": {
            "Program Speed / Sound Sensitivity": "Program Speed"
          }
        },
        {
          "dmxRange": [56, 62],
          "type": "Effect",
          "effectName": "Program 8",
          "switchChannels": {
            "Program Speed / Sound Sensitivity": "Program Speed"
          }
        },
        {
          "dmxRange": [63, 69],
          "type": "Effect",
          "effectName": "Program 9",
          "switchChannels": {
            "Program Speed / Sound Sensitivity": "Program Speed"
          }
        },
        {
          "dmxRange": [70, 76],
          "type": "Effect",
          "effectName": "Program 10",
          "switchChannels": {
            "Program Speed / Sound Sensitivity": "Program Speed"
          }
        },
        {
          "dmxRange": [77, 83],
          "type": "Effect",
          "effectName": "Program 11",
          "switchChannels": {
            "Program Speed / Sound Sensitivity": "Program Speed"
          }
        },
        {
          "dmxRange": [84, 90],
          "type": "Effect",
          "effectName": "Program 12",
          "switchChannels": {
            "Program Speed / Sound Sensitivity": "Program Speed"
          }
        },
        {
          "dmxRange": [91, 97],
          "type": "Effect",
          "effectName": "Program 13",
          "switchChannels": {
            "Program Speed / Sound Sensitivity": "Program Speed"
          }
        },
        {
          "dmxRange": [98, 104],
          "type": "Effect",
          "effectName": "Program 14",
          "switchChannels": {
            "Program Speed / Sound Sensitivity": "Program Speed"
          }
        },
        {
          "dmxRange": [105, 111],
          "type": "Effect",
          "effectName": "Program 15",
          "switchChannels": {
            "Program Speed / Sound Sensitivity": "Program Speed"
          }
        },
        {
          "dmxRange": [112, 118],
          "type": "Effect",
          "effectName": "Program 16",
          "switchChannels": {
            "Program Speed / Sound Sensitivity": "Program Speed"
          }
        },
        {
          "dmxRange": [119, 125],
          "type": "Effect",
          "effectName": "Program 17",
          "switchChannels": {
            "Program Speed / Sound Sensitivity": "Program Speed"
          }
        },
        {
          "dmxRange": [126, 132],
          "type": "Effect",
          "effectName": "Program 18",
          "switchChannels": {
            "Program Speed / Sound Sensitivity": "Program Speed"
          }
        },
        {
          "dmxRange": [133, 139],
          "type": "Effect",
          "effectName": "Program 19",
          "switchChannels": {
            "Program Speed / Sound Sensitivity": "Program Speed"
          }
        },
        {
          "dmxRange": [140, 146],
          "type": "Effect",
          "effectName": "Program 20",
          "switchChannels": {
            "Program Speed / Sound Sensitivity": "Program Speed"
          }
        },
        {
          "dmxRange": [147, 153],
          "type": "Effect",
          "effectName": "Program 21",
          "switchChannels": {
            "Program Speed / Sound Sensitivity": "Program Speed"
          }
        },
        {
          "dmxRange": [154, 160],
          "type": "Effect",
          "effectName": "Program 22",
          "switchChannels": {
            "Program Speed / Sound Sensitivity": "Program Speed"
          }
        },
        {
          "dmxRange": [161, 167],
          "type": "Effect",
          "effectName": "Program 23",
          "switchChannels": {
            "Program Speed / Sound Sensitivity": "Program Speed"
          }
        },
        {
          "dmxRange": [168, 174],
          "type": "Effect",
          "effectName": "Program 24",
          "switchChannels": {
            "Program Speed / Sound Sensitivity": "Program Speed"
          }
        },
        {
          "dmxRange": [175, 181],
          "type": "Effect",
          "effectName": "Program 25",
          "switchChannels": {
            "Program Speed / Sound Sensitivity": "Program Speed"
          }
        },
        {
          "dmxRange": [182, 188],
          "type": "Effect",
          "effectName": "Program 26",
          "switchChannels": {
            "Program Speed / Sound Sensitivity": "Program Speed"
          }
        },
        {
          "dmxRange": [189, 195],
          "type": "Effect",
          "effectName": "Program 27",
          "switchChannels": {
            "Program Speed / Sound Sensitivity": "Program Speed"
          }
        },
        {
          "dmxRange": [196, 202],
          "type": "Effect",
          "effectName": "Program 28",
          "switchChannels": {
            "Program Speed / Sound Sensitivity": "Program Speed"
          }
        },
        {
          "dmxRange": [203, 209],
          "type": "Effect",
          "effectName": "Program 29",
          "switchChannels": {
            "Program Speed / Sound Sensitivity": "Program Speed"
          }
        },
        {
          "dmxRange": [210, 216],
          "type": "Effect",
          "effectName": "Program 30",
          "switchChannels": {
            "Program Speed / Sound Sensitivity": "Program Speed"
          }
        },
        {
          "dmxRange": [217, 223],
          "type": "Effect",
          "effectName": "Program 31",
          "switchChannels": {
            "Program Speed / Sound Sensitivity": "Program Speed"
          }
        },
        {
          "dmxRange": [224, 230],
          "type": "Effect",
          "effectName": "Program 32",
          "switchChannels": {
            "Program Speed / Sound Sensitivity": "Program Speed"
          }
        },
        {
          "dmxRange": [231, 237],
          "type": "Effect",
          "effectName": "Program 33",
          "switchChannels": {
            "Program Speed / Sound Sensitivity": "Program Speed"
          }
        },
        {
          "dmxRange": [238, 244],
          "type": "Effect",
          "effectName": "Program 34",
          "switchChannels": {
            "Program Speed / Sound Sensitivity": "Program Speed"
          }
        },
        {
          "dmxRange": [245, 251],
          "type": "Effect",
          "effectName": "Program 35",
          "switchChannels": {
            "Program Speed / Sound Sensitivity": "Program Speed"
          }
        },
        {
          "dmxRange": [252, 255],
          "type": "Effect",
          "effectName": "Sound control",
          "soundControlled": true,
          "switchChannels": {
            "Program Speed / Sound Sensitivity": "Sound Sensitivity"
          }
        }
      ]
    },
    "Program Speed": {
      "capability": {
        "type": "EffectSpeed",
        "speedStart": "slow",
        "speedEnd": "fast"
      }
    },
    "Sound Sensitivity": {
      "capability": {
        "type": "SoundSensitivity",
        "soundSensitivityStart": "low",
        "soundSensitivityEnd": "high"
      }
    },
    "Strobe": {
      "defaultValue": 0,
      "capabilities": [
        {
          "dmxRange": [0, 15],
          "type": "NoFunction"
        },
        {
          "dmxRange": [16, 255],
          "type": "ShutterStrobe",
          "shutterEffect": "Strobe",
          "speedStart": "0Hz",
          "speedEnd": "11Hz"
        }
      ]
    }
  },
  "templateChannels": {
    "Red $pixelKey": {
      "defaultValue": 0,
      "capability": {
        "type": "ColorIntensity",
        "color": "Red"
      }
    },
    "Green $pixelKey": {
      "defaultValue": 0,
      "capability": {
        "type": "ColorIntensity",
        "color": "Green"
      }
    },
    "Blue $pixelKey": {
      "defaultValue": 0,
      "capability": {
        "type": "ColorIntensity",
        "color": "Blue"
      }
    }
  },
  "modes": [
    {
      "name": "RGB",
      "shortName": "3ch",
      "channels": [
        "Red Master",
        "Green Master",
        "Blue Master"
      ]
    },
    {
      "name": "RGBD",
      "shortName": "4ch",
      "channels": [
        "Red Master",
        "Green Master",
        "Blue Master",
        "Master Dimmer"
      ]
    },
    {
      "name": "RGB Halves",
      "shortName": "6ch",
      "channels": [
        {
          "insert": "matrixChannels",
          "repeatFor": [
            "1/2",
            "2/2"
          ],
          "channelOrder": "perPixel",
          "templateChannels": [
            "Red $pixelKey",
            "Green $pixelKey",
            "Blue $pixelKey"
          ]
        }
      ]
    },
    {
      "name": "RGBD + Effects",
      "shortName": "7ch",
      "channels": [
        "Red Master",
        "Green Master",
        "Blue Master",
        "Master Dimmer",
        "Programs",
        "Program Speed / Sound Sensitivity",
        "Strobe"
      ]
    },
    {
      "name": "RGB Thirds",
      "shortName": "9ch",
      "channels": [
        {
          "insert": "matrixChannels",
          "repeatFor": [
            "1/3",
            "2/3",
            "3/3"
          ],
          "channelOrder": "perPixel",
          "templateChannels": [
            "Red $pixelKey",
            "Green $pixelKey",
            "Blue $pixelKey"
          ]
        }
      ]
    },
    {
      "name": "RGB Quarters",
      "shortName": "12ch",
      "channels": [
        {
          "insert": "matrixChannels",
          "repeatFor": [
            "1/4",
            "2/4",
            "3/4",
            "4/4"
          ],
          "channelOrder": "perPixel",
          "templateChannels": [
            "Red $pixelKey",
            "Green $pixelKey",
            "Blue $pixelKey"
          ]
        }
      ]
    },
    {
      "name": "RGB Sixths",
      "shortName": "18ch",
      "channels": [
        {
          "insert": "matrixChannels",
          "repeatFor": [
            "1/6",
            "2/6",
            "3/6",
            "4/6",
            "5/6",
            "6/6"
          ],
          "channelOrder": "perPixel",
          "templateChannels": [
            "Red $pixelKey",
            "Green $pixelKey",
            "Blue $pixelKey"
          ]
        }
      ]
    },
    {
      "name": "RGB Individual",
      "shortName": "36ch",
      "channels": [
        {
          "insert": "matrixChannels",
          "repeatFor": "eachPixelABC",
          "channelOrder": "perPixel",
          "templateChannels": [
            "Red $pixelKey",
            "Green $pixelKey",
            "Blue $pixelKey"
          ]
        }
      ]
    }
  ],
  "fixtureKey": "pixel-bar-12-mkii",
  "manufacturerKey": "showtec",
  "oflURL": "https://open-fixture-library.org/showtec/pixel-bar-12-mkii"
}
