{
  "$schema": "https://raw.githubusercontent.com/OpenLightingProject/open-fixture-library/schema-12.3.0/schemas/fixture.json",
  "name": "Sunstrip Active MKII",
  "shortName": "SunstripActiveMKII",
  "categories": ["Pixel Bar", "Blinder", "Dimmer"],
  "meta": {
    "authors": ["Voyo"],
    "createDate": "2018-11-02",
    "lastModifyDate": "2018-11-02"
  },
  "comment": "The Sunstrip Active DMX MKII is the successor to the Showtec Sunstrip Active. For stand-alone applications, the Sunstrip Active is equipped with 16 built-in patterns as well as a manual dimmer. With the Neutrik power twist in- and outputs, the Sunstrip is also ideal for more demanding on-the-road purposes. It is equipped with two wall / floor brackets, as well as several M10 nuts to position the clamp in the desired position.\nOrdercode: 30714",
  "links": {
    "manual": [
      "https://www.highlite.com/media/attachments/MANUAL/30714_MANUAL_GB_V2.pdf"
    ],
    "productPage": [
      "https://www.highlite.com/en/30714-sunstrip-active-mkii.html"
    ],
    "video": [
      "https://www.youtube.com/watch?v=LuGJksbKqcg",
      "https://www.youtube.com/watch?v=xvT7drytw00"
    ]
  },
  "physical": {
    "dimensions": [1080, 130, 130],
    "weight": 6.2,
    "power": 550,
    "DMXconnector": "3-pin",
    "bulb": {
      "type": "10 x 240V/50W GU10"
    },
    "lens": {
      "degreesMinMax": [35, 35]
    }
  },
  "matrix": {
    "pixelCount": [
      10,
      1,
      1
    ],
    "pixelGroups": {
      "Master": "all",
      "1/2": [
        "1",
        "2",
        "3",
        "4",
        "5"
      ],
      "2/2": [
        "6",
        "7",
        "8",
        "9",
        "10"
      ],
      "1/5": [
        "1",
        "2"
      ],
      "2/5": [
        "3",
        "4"
      ],
      "3/5": [
        "5",
        "6"
      ],
      "4/5": [
        "7",
        "8"
      ],
      "5/5": [
        "9",
        "10"
      ]
    }
  },
  "templateChannels": {
    "Dimmer $pixelKey": {
      "capability": {
        "type": "Intensity"
      }
    }
  },
  "modes": [
    {
      "name": "Master",
      "shortName": "1x10",
      "channels": [
        "Dimmer Master"
      ]
    },
    {
      "name": "Halves",
      "shortName": "2x5",
      "channels": [
        "Dimmer 1/2",
        "Dimmer 2/2"
      ]
    },
    {
      "name": "Fifths",
      "shortName": "5x2",
      "channels": [
        "Dimmer 1/5",
        "Dimmer 2/5",
        "Dimmer 3/5",
        "Dimmer 4/5",
        "Dimmer 5/5"
      ]
    },
    {
      "name": "Individual",
      "shortName": "10x1",
      "channels": [
        {
          "insert": "matrixChannels",
          "repeatFor": "eachPixelXYZ",
          "channelOrder": "perPixel",
          "templateChannels": [
            "Dimmer $pixelKey"
          ]
        }
      ]
    }
  ],
  "fixtureKey": "sunstrip-active-mkii",
  "manufacturerKey": "showtec",
  "oflURL": "https://open-fixture-library.org/showtec/sunstrip-active-mkii"
}
