{
  "$schema": "https://raw.githubusercontent.com/OpenLightingProject/open-fixture-library/schema-12.3.0/schemas/fixture.json",
  "name": "XS-1 RGBW",
  "shortName": "ShowtecXS1",
  "categories": ["Moving Head", "Color Changer"],
  "meta": {
    "authors": ["Jo"],
    "createDate": "2018-05-28",
    "lastModifyDate": "2018-09-04"
  },
  "links": {
    "manual": [
      "https://www.highlite.com/media/attachments/MANUAL/40159_MANUAL_GB_V1.pdf"
    ],
    "video": [
      "https://www.youtube.com/watch?v=G7dkpbHmG8s"
    ]
  },
  "physical": {
    "dimensions": [125, 236, 125],
    "weight": 2,
    "power": 25,
    "DMXconnector": "3-pin",
    "bulb": {
      "type": "10W RGBW LED"
    },
    "lens": {
      "degreesMinMax": [3, 3]
    }
  },
  "availableChannels": {
    "Pan": {
      "fineChannelAliases": ["Pan fine"],
      "dmxValueResolution": "8bit",
      "defaultValue": 128,
      "capability": {
        "type": "Pan",
        "angleStart": "0deg",
        "angleEnd": "540deg"
      }
    },
    "Tilt": {
      "fineChannelAliases": ["Tilt fine"],
      "dmxValueResolution": "8bit",
      "defaultValue": 128,
      "capability": {
        "type": "Tilt",
        "angleStart": "0deg",
        "angleEnd": "270deg"
      }
    },
    "Pan/Tilt Speed": {
      "capability": {
        "type": "PanTiltSpeed",
        "speedStart": "fast",
        "speedEnd": "slow"
      }
    },
    "Pan/Tilt Macros": {
      "capabilities": [
        {
          "dmxRange": [0, 15],
          "type": "NoFunction"
        },
        {
          "dmxRange": [16, 35],
          "type": "Effect",
          "effectName": "Pan/Tilt Macro 1"
        },
        {
          "dmxRange": [36, 55],
          "type": "Effect",
          "effectName": "Pan/Tilt Macro 2"
        },
        {
          "dmxRange": [56, 75],
          "type": "Effect",
          "effectName": "Pan/Tilt Macro 3"
        },
        {
          "dmxRange": [76, 95],
          "type": "Effect",
          "effectName": "Pan/Tilt Macro 4"
        },
        {
          "dmxRange": [96, 115],
          "type": "Effect",
          "effectName": "Pan/Tilt Macro 5"
        },
        {
          "dmxRange": [116, 135],
          "type": "Effect",
          "effectName": "Pan/Tilt Macro 6"
        },
        {
          "dmxRange": [136, 155],
          "type": "Effect",
          "effectName": "Pan/Tilt Macro 7"
        },
        {
          "dmxRange": [156, 175],
          "type": "Effect",
          "effectName": "Pan/Tilt Macro 8"
        },
        {
          "dmxRange": [176, 195],
          "type": "Effect",
          "effectName": "Pan/Tilt Macro 9"
        },
        {
          "dmxRange": [196, 215],
          "type": "Effect",
          "effectName": "Pan/Tilt Macro 10"
        },
        {
          "dmxRange": [216, 235],
          "type": "Effect",
          "effectName": "Pan/Tilt Macro 11"
        },
        {
          "dmxRange": [236, 255],
          "type": "Effect",
          "effectName": "Pan/Tilt Macro 12"
        }
      ]
    },
    "Pan/Tilt Macro Speed": {
      "capability": {
        "type": "EffectSpeed",
        "speedStart": "fast",
        "speedEnd": "slow"
      }
    },
    "Shutter / Strobe": {
      "capabilities": [
        {
          "dmxRange": [0, 7],
          "type": "ShutterStrobe",
          "shutterEffect": "Closed"
        },
        {
          "dmxRange": [8, 15],
          "type": "ShutterStrobe",
          "shutterEffect": "Open"
        },
        {
          "dmxRange": [16, 131],
          "type": "ShutterStrobe",
          "shutterEffect": "Strobe",
          "speedStart": "slow",
          "speedEnd": "fast"
        },
        {
          "dmxRange": [132, 139],
          "type": "ShutterStrobe",
          "shutterEffect": "Open"
        },
        {
          "dmxRange": [140, 181],
          "type": "ShutterStrobe",
          "shutterEffect": "RampUp",
          "speedStart": "slow",
          "speedEnd": "fast"
        },
        {
          "dmxRange": [182, 189],
          "type": "ShutterStrobe",
          "shutterEffect": "Open"
        },
        {
          "dmxRange": [190, 231],
          "type": "ShutterStrobe",
          "shutterEffect": "RampDown",
          "speedStart": "slow",
          "speedEnd": "fast"
        },
        {
          "dmxRange": [232, 239],
          "type": "ShutterStrobe",
          "shutterEffect": "Open"
        },
        {
          "dmxRange": [240, 247],
          "type": "ShutterStrobe",
          "shutterEffect": "Strobe",
          "durationStart": "long",
          "durationEnd": "short",
          "randomTiming": true
        },
        {
          "dmxRange": [248, 255],
          "type": "ShutterStrobe",
          "shutterEffect": "Open"
        }
      ]
    },
    "Red": {
      "capability": {
        "type": "ColorIntensity",
        "color": "Red"
      }
    },
    "Green": {
      "capability": {
        "type": "ColorIntensity",
        "color": "Green"
      }
    },
    "Blue": {
      "capability": {
        "type": "ColorIntensity",
        "color": "Blue"
      }
    },
    "White": {
      "capability": {
        "type": "ColorIntensity",
        "color": "White"
      }
    },
    "Dimmer": {
      "capability": {
        "type": "Intensity"
      }
    },
    "Channel Functions": {
      "capabilities": [
        {
          "dmxRange": [0, 69],
          "type": "NoFunction"
        },
        {
          "dmxRange": [70, 79],
          "type": "Maintenance",
          "comment": "Enable Pan/tilt blackout",
          "hold": "5s"
        },
        {
          "dmxRange": [80, 89],
          "type": "Maintenance",
          "comment": "Disable Pan/tilt blackout",
          "hold": "5s"
        },
        {
          "dmxRange": [90, 199],
          "type": "NoFunction"
        },
        {
          "dmxRange": [200, 209],
          "type": "Maintenance",
          "comment": "Reset all",
          "hold": "5s"
        },
        {
          "dmxRange": [210, 249],
          "type": "NoFunction"
        },
        {
          "dmxRange": [250, 255],
          "type": "Effect",
          "effectName": "Sound-controlled mode",
          "soundControlled": true
        }
      ]
    },
    "Color Programs": {
      "capabilities": [
        {
          "dmxRange": [0, 7],
          "type": "NoFunction"
        },
        {
          "dmxRange": [8, 127],
          "type": "Effect",
          "effectName": "Static Colors"
        },
        {
          "dmxRange": [128, 191],
          "type": "Effect",
          "effectPreset": "ColorJump"
        },
        {
          "dmxRange": [192, 255],
          "type": "Effect",
          "effectPreset": "ColorFade"
        }
      ]
    },
    "Program Speed": {
      "capability": {
        "type": "EffectSpeed",
        "speedStart": "slow",
        "speedEnd": "fast"
      }
    }
  },
  "modes": [
    {
      "name": "9-channel",
      "shortName": "9ch",
      "channels": [
        "Pan",
        "Tilt",
        "Shutter / Strobe",
        "Red",
        "Green",
        "Blue",
        "White",
        "Dimmer",
        "Channel Functions"
      ]
    },
    {
      "name": "16-channel",
      "shortName": "16ch",
      "channels": [
        "Pan",
        "Pan fine",
        "Tilt",
        "Tilt fine",
        "Pan/Tilt Speed",
        "Pan/Tilt Macros",
        "Pan/Tilt Macro Speed",
        "Channel Functions",
        "Dimmer",
        "Red",
        "Green",
        "Blue",
        "White",
        "Shutter / Strobe",
        "Color Programs",
        "Program Speed"
      ]
    }
  ],
  "fixtureKey": "xs-1-rgbw",
  "manufacturerKey": "showtec",
  "oflURL": "https://open-fixture-library.org/showtec/xs-1-rgbw"
}
