{
  "$schema": "https://raw.githubusercontent.com/OpenLightingProject/open-fixture-library/schema-12.3.0/schemas/fixture.json",
  "name": "Intimidator Spot 110",
  "categories": ["Moving Head", "Color Changer"],
  "meta": {
    "authors": ["Flo Edelmann"],
    "createDate": "2019-07-26",
    "lastModifyDate": "2019-07-26"
  },
  "links": {
    "manual": [
      "https://www.chauvetdj.com/wp-content/uploads/2018/08/Intimidator_Spot_110_UM_Rev2.pdf"
    ],
    "productPage": [
      "https://www.chauvetdj.com/products/intimidator-spot-110/"
    ],
    "video": [
      "https://www.youtube.com/watch?v=JV7529ecHxo"
    ]
  },
  "helpWanted": "Which colors does the color wheel contain? Also, are the Color Wheel and Gobo Wheel channels correct? The ShowXpress definition from the product page contains different capabilities and DMX ranges (including Split colors/gobos and Wheel Rotation). The manual mentions only simple slot selection.",
  "physical": {
    "dimensions": [190, 279, 127],
    "weight": 2.3,
    "power": 41,
    "DMXconnector": "3-pin",
    "bulb": {
      "type": "1× 10W cool white LED"
    },
    "lens": {
      "degreesMinMax": [13, 13]
    }
  },
  "wheels": {
    "Color Wheel": {
      "slots": [
        {
          "type": "Open"
        },
        {
          "type": "Color"
        },
        {
          "type": "Color"
        },
        {
          "type": "Color"
        },
        {
          "type": "Color"
        },
        {
          "type": "Color"
        },
        {
          "type": "Color"
        },
        {
          "type": "Color"
        }
      ]
    },
    "Gobo Wheel": {
      "slots": [
        {
          "type": "Open"
        },
        {
          "type": "Gobo"
        },
        {
          "type": "Gobo"
        },
        {
          "type": "Gobo"
        },
        {
          "type": "Gobo"
        },
        {
          "type": "Gobo"
        },
        {
          "type": "Gobo"
        },
        {
          "type": "Gobo"
        }
      ]
    }
  },
  "availableChannels": {
    "Pan": {
      "fineChannelAliases": ["Pan fine"],
      "capability": {
        "type": "Pan",
        "angleStart": "0deg",
        "angleEnd": "540deg"
      }
    },
    "Tilt": {
      "fineChannelAliases": ["Tilt fine"],
      "capability": {
        "type": "Tilt",
        "angleStart": "0deg",
        "angleEnd": "270deg"
      }
    },
    "Pan/Tilt Speed": {
      "capability": {
        "type": "PanTiltSpeed",
        "speedStart": "fast",
        "speedEnd": "slow"
      }
    },
    "Color Wheel": {
      "capabilities": [
        {
          "dmxRange": [0, 31],
          "type": "WheelSlot",
          "slotNumber": 1
        },
        {
          "dmxRange": [32, 63],
          "type": "WheelSlot",
          "slotNumber": 2
        },
        {
          "dmxRange": [64, 95],
          "type": "WheelSlot",
          "slotNumber": 3
        },
        {
          "dmxRange": [96, 127],
          "type": "WheelSlot",
          "slotNumber": 4
        },
        {
          "dmxRange": [128, 159],
          "type": "WheelSlot",
          "slotNumber": 5
        },
        {
          "dmxRange": [160, 191],
          "type": "WheelSlot",
          "slotNumber": 6
        },
        {
          "dmxRange": [192, 223],
          "type": "WheelSlot",
          "slotNumber": 7
        },
        {
          "dmxRange": [224, 255],
          "type": "WheelSlot",
          "slotNumber": 8
        }
      ]
    },
    "Strobe": {
      "capabilities": [
        {
          "dmxRange": [0, 15],
          "type": "ShutterStrobe",
          "shutterEffect": "Open"
        },
        {
          "dmxRange": [16, 131],
          "type": "ShutterStrobe",
          "shutterEffect": "Strobe",
          "speedStart": "0Hz",
          "speedEnd": "23Hz"
        },
        {
          "dmxRange": [132, 139],
          "type": "ShutterStrobe",
          "shutterEffect": "Open"
        },
        {
          "dmxRange": [140, 181],
          "type": "ShutterStrobe",
          "shutterEffect": "RampUp",
          "speedStart": "0Hz",
          "speedEnd": "23Hz"
        },
        {
          "dmxRange": [182, 189],
          "type": "ShutterStrobe",
          "shutterEffect": "Open"
        },
        {
          "dmxRange": [190, 231],
          "type": "ShutterStrobe",
          "shutterEffect": "RampDown",
          "speedStart": "0Hz",
          "speedEnd": "23Hz"
        },
        {
          "dmxRange": [232, 239],
          "type": "ShutterStrobe",
          "shutterEffect": "Open"
        },
        {
          "dmxRange": [240, 247],
          "type": "ShutterStrobe",
          "shutterEffect": "Strobe",
          "randomTiming": true
        },
        {
          "dmxRange": [248, 255],
          "type": "ShutterStrobe",
          "shutterEffect": "Open"
        }
      ]
    },
    "Dimmer": {
      "capability": {
        "type": "Intensity"
      }
    },
    "Gobo Wheel": {
      "capabilities": [
        {
          "dmxRange": [0, 31],
          "type": "WheelSlot",
          "slotNumber": 1
        },
        {
          "dmxRange": [32, 63],
          "type": "WheelSlot",
          "slotNumber": 2
        },
        {
          "dmxRange": [64, 95],
          "type": "WheelSlot",
          "slotNumber": 3
        },
        {
          "dmxRange": [96, 127],
          "type": "WheelSlot",
          "slotNumber": 4
        },
        {
          "dmxRange": [128, 159],
          "type": "WheelSlot",
          "slotNumber": 5
        },
        {
          "dmxRange": [160, 191],
          "type": "WheelSlot",
          "slotNumber": 6
        },
        {
          "dmxRange": [192, 223],
          "type": "WheelSlot",
          "slotNumber": 7
        },
        {
          "dmxRange": [224, 255],
          "type": "WheelSlot",
          "slotNumber": 8
        }
      ]
    },
    "Function": {
      "capabilities": [
        {
          "dmxRange": [0, 69],
          "type": "NoFunction"
        },
        {
          "dmxRange": [70, 89],
          "type": "Maintenance",
          "comment": "Blackout on pan/tilt move on"
        },
        {
          "dmxRange": [90, 109],
          "type": "Maintenance",
          "comment": "Blackout on pan/tilt move off"
        },
        {
          "dmxRange": [110, 129],
          "type": "Maintenance",
          "comment": "Blackout on color wheel move on"
        },
        {
          "dmxRange": [130, 149],
          "type": "Maintenance",
          "comment": "Blackout on color wheel move off"
        },
        {
          "dmxRange": [150, 169],
          "type": "Maintenance",
          "comment": "Blackout on color wheel move on"
        },
        {
          "dmxRange": [170, 189],
          "type": "Maintenance",
          "comment": "Blackout on color wheel move off"
        },
        {
          "dmxRange": [190, 199],
          "type": "NoFunction"
        },
        {
          "dmxRange": [200, 209],
          "type": "Maintenance",
          "comment": "Reset all"
        },
        {
          "dmxRange": [210, 249],
          "type": "NoFunction"
        },
        {
          "dmxRange": [250, 255],
          "type": "Effect",
          "effectName": "Sound-active program",
          "soundControlled": true
        }
      ]
    },
    "Movement Macro": {
      "capabilities": [
        {
          "dmxRange": [0, 15],
          "type": "NoFunction"
        },
        {
          "dmxRange": [16, 35],
          "type": "Effect",
          "effectName": "Movement macro 1"
        },
        {
          "dmxRange": [36, 55],
          "type": "Effect",
          "effectName": "Movement macro 2"
        },
        {
          "dmxRange": [56, 75],
          "type": "Effect",
          "effectName": "Movement macro 3"
        },
        {
          "dmxRange": [76, 95],
          "type": "Effect",
          "effectName": "Movement macro 4"
        },
        {
          "dmxRange": [96, 115],
          "type": "Effect",
          "effectName": "Movement macro 5"
        },
        {
          "dmxRange": [116, 135],
          "type": "Effect",
          "effectName": "Movement macro 6"
        },
        {
          "dmxRange": [136, 155],
          "type": "Effect",
          "effectName": "Movement macro 7"
        },
        {
          "dmxRange": [156, 175],
          "type": "Effect",
          "effectName": "Movement macro 8"
        },
        {
          "dmxRange": [176, 195],
          "type": "Effect",
          "effectName": "Movement macro 9"
        },
        {
          "dmxRange": [196, 215],
          "type": "Effect",
          "effectName": "Movement macro 10"
        },
        {
          "dmxRange": [216, 235],
          "type": "Effect",
          "effectName": "Movement macro 11"
        },
        {
          "dmxRange": [236, 255],
          "type": "Effect",
          "effectName": "Movement macro 12"
        }
      ]
    },
    "Movement Macro Speed": {
      "capability": {
        "type": "EffectSpeed",
        "speedStart": "fast",
        "speedEnd": "slow"
      }
    }
  },
  "modes": [
    {
      "name": "12-channel",
      "shortName": "12ch",
      "channels": [
        "Pan",
        "Pan fine",
        "Tilt",
        "Tilt fine",
        "Pan/Tilt Speed",
        "Color Wheel",
        "Strobe",
        "Dimmer",
        "Gobo Wheel",
        "Function",
        "Movement Macro",
        "Movement Macro Speed"
      ]
    },
    {
      "name": "6-channel",
      "shortName": "6ch",
      "channels": [
        "Pan",
        "Tilt",
        "Color Wheel",
        "Strobe",
        "Dimmer",
        "Gobo Wheel"
      ]
    }
  ],
  "fixtureKey": "intimidator-spot-110",
  "manufacturerKey": "chauvet-dj",
  "oflURL": "https://open-fixture-library.org/chauvet-dj/intimidator-spot-110"
}
