{
  "$schema": "https://raw.githubusercontent.com/OpenLightingProject/open-fixture-library/schema-12.3.0/schemas/fixture.json",
  "name": "Kinta X",
  "categories": ["Flower"],
  "meta": {
    "authors": ["Mikey Rowlands"],
    "createDate": "2020-02-15",
    "lastModifyDate": "2020-02-15",
    "importPlugin": {
      "plugin": "qlcplus_4.12.1",
      "date": "2020-02-15",
      "comment": "created by Q Light Controller Plus (version 4.12.2)"
    }
  },
  "links": {
    "manual": [
      "https://m.jam.ua/files/files/KintaX_UM_Rev4_WO.pdf"
    ],
    "productPage": [
      "https://www.chauvetdj.com/news/kinta-x-becomes-an-led-powerhouse/"
    ],
    "video": [
      "https://www.youtube.com/watch?v=yM4Mz510LHk"
    ]
  },
  "physical": {
    "dimensions": [283, 297, 264],
    "weight": 2.7,
    "power": 24,
    "DMXconnector": "3-pin",
    "bulb": {
      "type": "3× 3W LEDs (1× red, green, blue each)"
    },
    "lens": {
      "degreesMinMax": [135, 135]
    }
  },
  "availableChannels": {
    "Mode": {
      "defaultValue": 0,
      "capabilities": [
        {
          "dmxRange": [0, 14],
          "type": "Intensity",
          "brightness": "off"
        },
        {
          "dmxRange": [15, 100],
          "type": "Intensity",
          "brightness": "bright"
        },
        {
          "dmxRange": [101, 255],
          "type": "Effect",
          "effectName": "Auto Mode"
        }
      ]
    },
    "Rotation": {
      "defaultValue": 0,
      "capabilities": [
        {
          "dmxRange": [0, 85],
          "type": "Rotation",
          "speedStart": "slow CCW",
          "speedEnd": "fast CCW"
        },
        {
          "dmxRange": [86, 170],
          "type": "Rotation",
          "speedStart": "slow CW",
          "speedEnd": "fast CW"
        },
        {
          "dmxRange": [171, 255],
          "type": "Effect",
          "effectName": "Rotation bounce"
        }
      ]
    }
  },
  "modes": [
    {
      "name": "2-channel",
      "shortName": "2ch",
      "channels": [
        "Mode",
        "Rotation"
      ]
    }
  ],
  "fixtureKey": "kinta-x",
  "manufacturerKey": "chauvet-dj",
  "oflURL": "https://open-fixture-library.org/chauvet-dj/kinta-x"
}
