{
  "$schema": "https://raw.githubusercontent.com/OpenLightingProject/open-fixture-library/schema-12.3.0/schemas/fixture.json",
  "name": "SlimPAR Q12 BT",
  "shortName": "ChauvetSlimPARQ12BT",
  "categories": ["Color Changer"],
  "meta": {
    "authors": ["Flo Edelmann"],
    "createDate": "2018-03-28",
    "lastModifyDate": "2018-08-10"
  },
  "links": {
    "manual": [
      "https://www.chauvetdj.com/wp-content/uploads/2018/03/SlimPAR_Q12_BT_UM_Rev2_WO.pdf"
    ],
    "productPage": [
      "https://www.chauvetdj.com/products/slimpar-q12-bt/"
    ],
    "video": [
      "https://www.youtube.com/watch?v=CGcSKuTsEzA"
    ]
  },
  "physical": {
    "dimensions": [275, 74, 279],
    "weight": 1.5,
    "power": 48,
    "DMXconnector": "3-pin",
    "bulb": {
      "type": "12x 3.5W RGBA LED",
      "lumens": 895
    },
    "lens": {
      "degreesMinMax": [18, 35]
    }
  },
  "availableChannels": {
    "Red": {
      "capability": {
        "type": "ColorIntensity",
        "color": "Red"
      }
    },
    "Green": {
      "capability": {
        "type": "ColorIntensity",
        "color": "Green"
      }
    },
    "Blue": {
      "capability": {
        "type": "ColorIntensity",
        "color": "Blue"
      }
    },
    "Amber": {
      "capability": {
        "type": "ColorIntensity",
        "color": "Amber"
      }
    },
    "Strobe": {
      "capability": {
        "type": "ShutterStrobe",
        "shutterEffect": "Strobe",
        "speedStart": "0Hz",
        "speedEnd": "20Hz",
        "helpWanted": "Up to which DMX value is strobe disabled?"
      }
    },
    "Auto Program": {
      "capabilities": [
        {
          "dmxRange": [0, 5],
          "type": "NoFunction"
        },
        {
          "dmxRange": [6, 55],
          "type": "Effect",
          "effectName": "Program 1"
        },
        {
          "dmxRange": [56, 106],
          "type": "Effect",
          "effectName": "Program 2"
        },
        {
          "dmxRange": [107, 157],
          "type": "Effect",
          "effectName": "Program 3"
        },
        {
          "dmxRange": [158, 208],
          "type": "Effect",
          "effectName": "Program 4"
        },
        {
          "dmxRange": [209, 255],
          "type": "Effect",
          "effectName": "Program 5"
        }
      ]
    },
    "Auto Program Speed": {
      "capabilities": [
        {
          "dmxRange": [0, 250],
          "type": "EffectSpeed",
          "speedStart": "slow",
          "speedEnd": "fast"
        },
        {
          "dmxRange": [251, 255],
          "type": "Effect",
          "effectName": "Sound Active Mode",
          "soundControlled": true
        }
      ]
    },
    "Dimmer": {
      "capability": {
        "type": "Intensity"
      }
    }
  },
  "modes": [
    {
      "name": "4-channel",
      "shortName": "4ch",
      "channels": [
        "Red",
        "Green",
        "Blue",
        "Amber"
      ]
    },
    {
      "name": "8-channel",
      "shortName": "8ch",
      "channels": [
        "Red",
        "Green",
        "Blue",
        "Amber",
        "Strobe",
        "Auto Program",
        "Auto Program Speed",
        "Dimmer"
      ]
    }
  ],
  "fixtureKey": "slimpar-q12-bt",
  "manufacturerKey": "chauvet-dj",
  "oflURL": "https://open-fixture-library.org/chauvet-dj/slimpar-q12-bt"
}
