{
  "$schema": "https://raw.githubusercontent.com/OpenLightingProject/open-fixture-library/schema-12.3.0/schemas/fixture.json",
  "name": "DLED7-BI",
  "categories": ["Dimmer"],
  "meta": {
    "authors": ["PY DOUGNAC"],
    "createDate": "2018-12-19",
    "lastModifyDate": "2018-12-19"
  },
  "comment": "The DT7-BI-DMX power supply is needed for DMX control.",
  "links": {
    "productPage": [
      "https://www.dedoweigertfilm.de/dwf-en/home_banner_prod/turbo-series.php"
    ],
    "other": [
      "https://www.mediatec.de/media/pdf/04/d6/8c/TURBO_SERIE_BROSCHUERE_0005.pdf"
    ]
  },
  "physical": {
    "dimensions": [109, 200, 100],
    "weight": 1.3,
    "power": 90,
    "DMXconnector": "5-pin",
    "bulb": {
      "type": "Bicolor 90W LED"
    },
    "lens": {
      "degreesMinMax": [4, 60]
    }
  },
  "availableChannels": {
    "Dimmer": {
      "capability": {
        "type": "Intensity"
      }
    },
    "Color Temperature": {
      "capability": {
        "type": "ColorTemperature",
        "colorTemperatureStart": "2700K",
        "colorTemperatureEnd": "6500K"
      }
    }
  },
  "modes": [
    {
      "name": "DT7-BI-DMX",
      "channels": [
        "Dimmer",
        "Color Temperature"
      ]
    }
  ],
  "fixtureKey": "dled7-bi",
  "manufacturerKey": "dedolight",
  "oflURL": "https://open-fixture-library.org/dedolight/dled7-bi"
}
