{
  "$schema": "https://raw.githubusercontent.com/OpenLightingProject/open-fixture-library/schema-12.3.0/schemas/fixture.json",
  "name": "DLED4-BI",
  "categories": ["Dimmer"],
  "meta": {
    "authors": ["Jean-François Losson"],
    "createDate": "2018-11-11",
    "lastModifyDate": "2018-11-11"
  },
  "comment": "The DT4-BI-DMX power supply is needed for DMX control.",
  "links": {
    "productPage": [
      "https://www.dedoweigertfilm.de/dwf-en/products/dedolight/dedolight-dled-series4.php"
    ],
    "other": [
      "https://www.mediatec.de/media/pdf/fa/f8/cb/DLED4_DATENBLATT_0005.pdf"
    ]
  },
  "physical": {
    "dimensions": [109, 200, 100],
    "weight": 1.3,
    "power": 47,
    "DMXconnector": "5-pin",
    "bulb": {
      "type": "Bicolor 40W LED"
    },
    "lens": {
      "degreesMinMax": [4, 60]
    }
  },
  "availableChannels": {
    "Dimmer": {
      "highlightValue": "100%",
      "capability": {
        "type": "Intensity"
      }
    },
    "Color Temperature": {
      "capability": {
        "type": "ColorTemperature",
        "colorTemperatureStart": "2600K",
        "colorTemperatureEnd": "6800K"
      }
    }
  },
  "modes": [
    {
      "name": "DT4-BI-DMX",
      "channels": [
        "Dimmer",
        "Color Temperature"
      ]
    }
  ],
  "fixtureKey": "dled4-bi",
  "manufacturerKey": "dedolight",
  "oflURL": "https://open-fixture-library.org/dedolight/dled4-bi"
}
