{
  "$schema": "https://raw.githubusercontent.com/OpenLightingProject/open-fixture-library/schema-12.3.0/schemas/fixture.json",
  "name": "Flat Pro Flood IP65 Tri",
  "shortName": "CLFLOODIP65TRI",
  "categories": ["Blinder", "Color Changer"],
  "meta": {
    "authors": ["Felix Edelmann"],
    "createDate": "2017-12-25",
    "lastModifyDate": "2018-07-21"
  },
  "links": {
    "manual": [
      "https://adamhall.s3.amazonaws.com/media/MARKEN/CAMEO/CLFLOODIP65TRI/CLFLOODIP65TRI_CAMEO_Bedienungsanleitung_EN_DE_FR_ES_PL_IT.pdf"
    ]
  },
  "physical": {
    "dimensions": [180, 180, 120],
    "weight": 3.6,
    "power": 75,
    "DMXconnector": "3-pin XLR IP65",
    "bulb": {
      "type": "60 W COB LED"
    },
    "lens": {
      "degreesMinMax": [120, 120]
    }
  },
  "availableChannels": {
    "Dimmer": {
      "defaultValue": 0,
      "capability": {
        "type": "Intensity"
      }
    },
    "Color Macros Simple": {
      "name": "Color Macros",
      "capabilities": [
        {
          "dmxRange": [0, 36],
          "type": "ColorPreset",
          "colors": ["#ff0000"],
          "comment": "Red"
        },
        {
          "dmxRange": [37, 73],
          "type": "ColorPreset",
          "colors": ["#00ff00"],
          "comment": "Green"
        },
        {
          "dmxRange": [74, 110],
          "type": "ColorPreset",
          "colors": ["#0000ff"],
          "comment": "Blue"
        },
        {
          "dmxRange": [111, 147],
          "type": "ColorPreset",
          "colors": ["#ffff00"],
          "comment": "Yellow"
        },
        {
          "dmxRange": [148, 184],
          "type": "ColorPreset",
          "colors": ["#ff00ff"],
          "comment": "Magenta"
        },
        {
          "dmxRange": [185, 221],
          "type": "ColorPreset",
          "colors": ["#00ffff"],
          "comment": "Cyan"
        },
        {
          "dmxRange": [222, 255],
          "type": "ColorPreset",
          "colors": ["#ffffff"],
          "comment": "White"
        }
      ]
    },
    "Strobe": {
      "defaultValue": 0,
      "capabilities": [
        {
          "dmxRange": [0, 0],
          "type": "NoFunction"
        },
        {
          "dmxRange": [1, 255],
          "type": "ShutterStrobe",
          "shutterEffect": "Strobe",
          "speedStart": "1Hz",
          "speedEnd": "20Hz"
        }
      ]
    },
    "Color Macros Extended": {
      "name": "Color Macros",
      "defaultValue": 0,
      "capabilities": [
        {
          "dmxRange": [0, 4],
          "type": "NoFunction"
        },
        {
          "dmxRange": [5, 15],
          "type": "ColorPreset",
          "colors": ["#ff0000"],
          "comment": "Red"
        },
        {
          "dmxRange": [16, 26],
          "type": "ColorPreset",
          "colors": ["#00ff00"],
          "comment": "Green"
        },
        {
          "dmxRange": [27, 37],
          "type": "ColorPreset",
          "colors": ["#0000ff"],
          "comment": "Blue"
        },
        {
          "dmxRange": [38, 48],
          "type": "ColorPreset",
          "colors": ["#ffff00"],
          "comment": "Yellow"
        },
        {
          "dmxRange": [49, 59],
          "type": "ColorPreset",
          "colors": ["#ff00ff"],
          "comment": "Magenta"
        },
        {
          "dmxRange": [60, 70],
          "type": "ColorPreset",
          "colors": ["#00ffff"],
          "comment": "Cyan"
        },
        {
          "dmxRange": [71, 80],
          "type": "ColorPreset",
          "colors": ["#ffffff"],
          "comment": "White"
        },
        {
          "dmxRange": [81, 150],
          "type": "Effect",
          "effectPreset": "ColorJump",
          "speedStart": "slow",
          "speedEnd": "fast"
        },
        {
          "dmxRange": [151, 255],
          "type": "Effect",
          "effectPreset": "ColorFade",
          "speedStart": "slow",
          "speedEnd": "fast"
        }
      ]
    },
    "Red": {
      "defaultValue": 0,
      "capability": {
        "type": "ColorIntensity",
        "color": "Red"
      }
    },
    "Green": {
      "defaultValue": 0,
      "capability": {
        "type": "ColorIntensity",
        "color": "Green"
      }
    },
    "Blue": {
      "defaultValue": 0,
      "capability": {
        "type": "ColorIntensity",
        "color": "Blue"
      }
    }
  },
  "modes": [
    {
      "name": "2-channel",
      "shortName": "2ch",
      "channels": [
        "Dimmer",
        "Color Macros Simple"
      ]
    },
    {
      "name": "3-channel 1",
      "shortName": "3ch1",
      "channels": [
        "Dimmer",
        "Strobe",
        "Color Macros Extended"
      ]
    },
    {
      "name": "3-channel 2",
      "shortName": "3ch2",
      "channels": [
        "Red",
        "Green",
        "Blue"
      ]
    },
    {
      "name": "6-channel",
      "shortName": "6ch",
      "channels": [
        "Dimmer",
        "Strobe",
        "Red",
        "Green",
        "Blue",
        "Color Macros Extended"
      ]
    }
  ],
  "fixtureKey": "flat-pro-flood-ip65-tri",
  "manufacturerKey": "cameo",
  "oflURL": "https://open-fixture-library.org/cameo/flat-pro-flood-ip65-tri"
}
