{
  "$schema": "https://raw.githubusercontent.com/OpenLightingProject/open-fixture-library/schema-12.3.0/schemas/fixture.json",
  "name": "Thunder Wash 600 RGBW",
  "shortName": "CLTW600RGBW",
  "categories": ["Strobe", "Blinder", "Color Changer"],
  "meta": {
    "authors": ["Paolo", "Flo Edelmann"],
    "createDate": "2020-11-26",
    "lastModifyDate": "2020-11-26"
  },
  "links": {
    "manual": [
      "https://www.cameolight.com/en/downloads/file/id/1645193924"
    ],
    "productPage": [
      "https://www.cameolight.com/en/solutions/dj-musicians/static-lighting/floodlights/20046/thunder-wash-600-rgbw"
    ],
    "video": [
      "https://www.youtube.com/watch?v=25oJ8szwaIg"
    ]
  },
  "physical": {
    "dimensions": [338, 197, 87],
    "weight": 3.1,
    "power": 160,
    "DMXconnector": "3-pin",
    "bulb": {
      "type": "648× 0.2W quad LEDs"
    },
    "lens": {
      "degreesMinMax": [75, 75]
    }
  },
  "availableChannels": {
    "strobe1": {
      "name": "Strobe",
      "highlightValue": 220,
      "capabilities": [
        {
          "dmxRange": [0, 10],
          "type": "ShutterStrobe",
          "shutterEffect": "Closed"
        },
        {
          "dmxRange": [11, 255],
          "type": "ShutterStrobe",
          "shutterEffect": "Strobe",
          "speedStart": "1Hz",
          "speedEnd": "30Hz",
          "menuClick": "center"
        }
      ]
    },
    "strobe2": {
      "name": "Strobe",
      "highlightValue": 220,
      "capabilities": [
        {
          "dmxRange": [0, 5],
          "type": "ShutterStrobe",
          "shutterEffect": "Open"
        },
        {
          "dmxRange": [6, 10],
          "type": "ShutterStrobe",
          "shutterEffect": "Closed"
        },
        {
          "dmxRange": [11, 250],
          "type": "ShutterStrobe",
          "shutterEffect": "Strobe",
          "speedStart": "1Hz",
          "speedEnd": "30Hz",
          "menuClick": "center"
        },
        {
          "dmxRange": [251, 255],
          "type": "ShutterStrobe",
          "shutterEffect": "Open",
          "menuClick": "hidden"
        }
      ]
    },
    "strobe3": {
      "name": "Strobe",
      "highlightValue": 220,
      "capabilities": [
        {
          "dmxRange": [0, 5],
          "type": "ShutterStrobe",
          "shutterEffect": "Open"
        },
        {
          "dmxRange": [6, 10],
          "type": "ShutterStrobe",
          "shutterEffect": "Closed"
        },
        {
          "dmxRange": [11, 33],
          "type": "ShutterStrobe",
          "shutterEffect": "Pulse",
          "speedStart": "slow",
          "speedEnd": "fast",
          "randomTiming": true,
          "menuClick": "center"
        },
        {
          "dmxRange": [34, 56],
          "type": "ShutterStrobe",
          "shutterEffect": "RampUp",
          "speedStart": "slow",
          "speedEnd": "fast",
          "randomTiming": true,
          "menuClick": "center"
        },
        {
          "dmxRange": [57, 79],
          "type": "ShutterStrobe",
          "shutterEffect": "RampDown",
          "speedStart": "slow",
          "speedEnd": "fast",
          "randomTiming": true,
          "menuClick": "center"
        },
        {
          "dmxRange": [80, 102],
          "type": "ShutterStrobe",
          "shutterEffect": "Strobe",
          "speedStart": "slow",
          "speedEnd": "fast",
          "randomTiming": true,
          "menuClick": "center"
        },
        {
          "dmxRange": [103, 127],
          "type": "ShutterStrobe",
          "comment": "Break Effect",
          "shutterEffect": "Strobe",
          "durationStart": "5s",
          "durationEnd": "1s",
          "menuClick": "center"
        },
        {
          "dmxRange": [128, 250],
          "type": "ShutterStrobe",
          "shutterEffect": "Strobe",
          "speedStart": "1Hz",
          "speedEnd": "30Hz",
          "menuClick": "center"
        },
        {
          "dmxRange": [251, 255],
          "type": "ShutterStrobe",
          "shutterEffect": "Open",
          "menuClick": "hidden"
        }
      ]
    },
    "Dimmer": {
      "highlightValue": 255,
      "capability": {
        "type": "Intensity"
      }
    },
    "Color Macros": {
      "capabilities": [
        {
          "dmxRange": [0, 5],
          "type": "ColorPreset",
          "colors": ["#000000"],
          "comment": "Color off"
        },
        {
          "dmxRange": [6, 13],
          "type": "ColorPreset",
          "colors": ["#ff0000"],
          "comment": "Red"
        },
        {
          "dmxRange": [14, 21],
          "type": "ColorPreset",
          "colors": ["#ffbf00"],
          "comment": "Amber"
        },
        {
          "dmxRange": [22, 29],
          "type": "ColorPreset",
          "colors": ["#f9d716"],
          "comment": "Yellow",
          "colorTemperature": "warm"
        },
        {
          "dmxRange": [30, 37],
          "type": "ColorPreset",
          "colors": ["#ffff00"],
          "comment": "Yellow"
        },
        {
          "dmxRange": [38, 45],
          "type": "ColorPreset",
          "colors": ["#00ff00"],
          "comment": "Green"
        },
        {
          "dmxRange": [46, 53],
          "type": "ColorPreset",
          "colors": ["#40e0d0"],
          "comment": "Turquoise"
        },
        {
          "dmxRange": [54, 61],
          "type": "ColorPreset",
          "colors": ["#00ffff"],
          "comment": "Cyan"
        },
        {
          "dmxRange": [62, 69],
          "type": "ColorPreset",
          "colors": ["#0000ff"],
          "comment": "Blue"
        },
        {
          "dmxRange": [70, 77],
          "type": "ColorPreset",
          "colors": ["#e6e6fa"],
          "comment": "Lavender"
        },
        {
          "dmxRange": [78, 85],
          "type": "ColorPreset",
          "colors": ["#e0b0ff"],
          "comment": "Mauve"
        },
        {
          "dmxRange": [86, 93],
          "type": "ColorPreset",
          "colors": ["#ff00ff"],
          "comment": "Magenta"
        },
        {
          "dmxRange": [94, 101],
          "type": "ColorPreset",
          "colors": ["#ffc0cb"],
          "comment": "Pink"
        },
        {
          "dmxRange": [102, 109],
          "type": "ColorPreset",
          "colors": ["#fffbf2"],
          "comment": "White",
          "colorTemperature": "warm"
        },
        {
          "dmxRange": [110, 117],
          "type": "ColorPreset",
          "colors": ["#ffffff"],
          "comment": "White"
        },
        {
          "dmxRange": [118, 125],
          "type": "ColorPreset",
          "colors": ["#f2f6fe"],
          "comment": "White",
          "colorTemperature": "cold"
        },
        {
          "dmxRange": [126, 128],
          "type": "Effect",
          "effectPreset": "ColorJump",
          "speed": "stop"
        },
        {
          "dmxRange": [129, 192],
          "type": "Effect",
          "effectPreset": "ColorJump",
          "speedStart": "slow",
          "speedEnd": "fast"
        },
        {
          "dmxRange": [193, 255],
          "type": "Effect",
          "effectPreset": "ColorFade",
          "speedStart": "slow",
          "speedEnd": "fast"
        }
      ]
    },
    "Flash Duration": {
      "capability": {
        "type": "StrobeDuration",
        "durationStart": "1ms",
        "durationEnd": "510ms"
      }
    },
    "Sound Control": {
      "capabilities": [
        {
          "dmxRange": [0, 5],
          "type": "SoundSensitivity",
          "soundSensitivity": "off"
        },
        {
          "dmxRange": [6, 255],
          "type": "SoundSensitivity",
          "soundSensitivityStart": "low",
          "soundSensitivityEnd": "high",
          "menuClick": "center"
        }
      ]
    },
    "Red": {
      "highlightValue": 255,
      "capability": {
        "type": "ColorIntensity",
        "color": "Red"
      }
    },
    "Green": {
      "highlightValue": 255,
      "capability": {
        "type": "ColorIntensity",
        "color": "Green"
      }
    },
    "Blue": {
      "highlightValue": 255,
      "capability": {
        "type": "ColorIntensity",
        "color": "Blue"
      }
    },
    "White": {
      "highlightValue": 255,
      "capability": {
        "type": "ColorIntensity",
        "color": "White"
      }
    }
  },
  "modes": [
    {
      "name": "1-channel",
      "shortName": "1ch",
      "channels": [
        "strobe1"
      ]
    },
    {
      "name": "2-channel 1",
      "shortName": "2ch1",
      "channels": [
        "Dimmer",
        "Color Macros"
      ]
    },
    {
      "name": "2-channel 2",
      "shortName": "2ch2",
      "channels": [
        "Dimmer",
        "strobe2"
      ]
    },
    {
      "name": "3-channel 1",
      "shortName": "3ch1",
      "channels": [
        "Dimmer",
        "strobe2",
        "Flash Duration"
      ]
    },
    {
      "name": "3-channel 2",
      "shortName": "3ch2",
      "channels": [
        "Dimmer",
        "strobe2",
        "Color Macros"
      ]
    },
    {
      "name": "4-channel 1",
      "shortName": "4ch1",
      "channels": [
        "Red",
        "Green",
        "Blue",
        "White"
      ]
    },
    {
      "name": "4-channel 2",
      "shortName": "4ch2",
      "channels": [
        "Dimmer",
        "strobe3",
        "Color Macros",
        "Sound Control"
      ]
    },
    {
      "name": "7-channel 1",
      "shortName": "7ch1",
      "channels": [
        "Dimmer",
        "strobe3",
        "Red",
        "Green",
        "Blue",
        "White",
        "Sound Control"
      ]
    },
    {
      "name": "7-channel 2",
      "shortName": "7ch2",
      "channels": [
        "Dimmer",
        "strobe2",
        "Flash Duration",
        "Red",
        "Green",
        "Blue",
        "White"
      ]
    }
  ],
  "fixtureKey": "thunder-wash-600-rgbw",
  "manufacturerKey": "cameo",
  "oflURL": "https://open-fixture-library.org/cameo/thunder-wash-600-rgbw"
}
