{
  "$schema": "https://raw.githubusercontent.com/OpenLightingProject/open-fixture-library/schema-12.3.0/schemas/fixture.json",
  "name": "CS-1000RGB",
  "categories": ["Laser", "Color Changer"],
  "meta": {
    "authors": ["Jo"],
    "createDate": "2018-07-26",
    "lastModifyDate": "2018-09-04"
  },
  "links": {
    "manual": [
      "https://www.laserworld.com/en/download-file-49-CS_1000RGB_D_E_F_MKIII_web.html"
    ],
    "productPage": [
      "https://www.laserworld.com/en/laserworld-cs/laserworld-cs-1000rgb.html"
    ],
    "video": [
      "https://www.youtube.com/watch?v=u9m3_SWDQeU"
    ]
  },
  "helpWanted": "Most information about the capabilities of the channels are missing.",
  "physical": {
    "dimensions": [220, 155, 145],
    "weight": 3.15,
    "power": 60,
    "bulb": {
      "type": "650nm / 532nm / 445nm RGB Laser diodes"
    }
  },
  "availableChannels": {
    "Mode": {
      "capability": {
        "type": "Maintenance"
      }
    },
    "Pattern": {
      "capability": {
        "type": "Generic"
      }
    },
    "Circular Movement": {
      "capability": {
        "type": "Generic"
      }
    },
    "Y Rotation": {
      "capability": {
        "type": "Generic"
      }
    },
    "X Rotation": {
      "capability": {
        "type": "Generic"
      }
    },
    "Horizontal Movement": {
      "defaultValue": "50%",
      "capability": {
        "type": "BeamPosition",
        "horizontalAngleStart": "0deg",
        "horizontalAngleEnd": "40deg"
      }
    },
    "Vertical Movement": {
      "defaultValue": "50%",
      "capability": {
        "type": "BeamPosition",
        "verticalAngleStart": "0deg",
        "verticalAngleEnd": "40deg"
      }
    },
    "Manual Zoom": {
      "capability": {
        "type": "Zoom",
        "angleStart": "narrow",
        "angleEnd": "wide"
      }
    },
    "Pattern Buildup": {
      "capability": {
        "type": "Generic"
      }
    },
    "Dot Effect with Strobe": {
      "capability": {
        "type": "Generic"
      }
    },
    "Color": {
      "capability": {
        "type": "ColorPreset",
        "helpWanted": "Which colors can be selected at which DMX values?"
      }
    }
  },
  "modes": [
    {
      "name": "11-channel",
      "shortName": "11ch",
      "channels": [
        "Mode",
        "Pattern",
        "Circular Movement",
        "Y Rotation",
        "X Rotation",
        "Horizontal Movement",
        "Vertical Movement",
        "Manual Zoom",
        "Pattern Buildup",
        "Dot Effect with Strobe",
        "Color"
      ]
    }
  ],
  "fixtureKey": "cs-1000rgb",
  "manufacturerKey": "laserworld",
  "oflURL": "https://open-fixture-library.org/laserworld/cs-1000rgb"
}
