{
  "$schema": "https://raw.githubusercontent.com/OpenLightingProject/open-fixture-library/schema-12.3.0/schemas/fixture.json",
  "name": "Mini LED Spot 25W",
  "categories": ["Moving Head", "Color Changer"],
  "meta": {
    "authors": ["Flo Edelmann"],
    "createDate": "2020-04-18",
    "lastModifyDate": "2020-04-18"
  },
  "links": {
    "productPage": [
      "https://www.amazon.com/dp/B01M0QAIPU"
    ]
  },
  "physical": {
    "dimensions": [17.8, 25, 17.8],
    "weight": 2.8,
    "power": 25,
    "DMXconnector": "3-pin",
    "bulb": {
      "type": "10W RGBW LED"
    }
  },
  "wheels": {
    "Gobo Wheel": {
      "slots": [
        {
          "type": "Open"
        },
        {
          "type": "Gobo"
        },
        {
          "type": "Gobo"
        },
        {
          "type": "Gobo"
        },
        {
          "type": "Gobo"
        },
        {
          "type": "Gobo"
        },
        {
          "type": "Gobo"
        },
        {
          "type": "Gobo"
        }
      ]
    }
  },
  "availableChannels": {
    "Pan": {
      "fineChannelAliases": ["Pan fine"],
      "capability": {
        "type": "Pan",
        "angleStart": "0deg",
        "angleEnd": "540deg"
      }
    },
    "Tilt": {
      "fineChannelAliases": ["Tilt fine"],
      "capability": {
        "type": "Tilt",
        "angleStart": "0deg",
        "angleEnd": "220deg"
      }
    },
    "Pan/Tilt Speed": {
      "capability": {
        "type": "PanTiltSpeed",
        "speedStart": "fast",
        "speedEnd": "slow"
      }
    },
    "Dimmer": {
      "capability": {
        "type": "Intensity"
      }
    },
    "Strobe": {
      "capability": {
        "type": "ShutterStrobe",
        "shutterEffect": "Strobe",
        "speedStart": "slow",
        "speedEnd": "fast",
        "helpWanted": "At which DMX values is the light constantly on or off?"
      }
    },
    "Color Macros": {
      "capabilities": [
        {
          "dmxRange": [0, 9],
          "type": "ColorPreset",
          "comment": "White",
          "colors": ["#ffffff"]
        },
        {
          "dmxRange": [10, 19],
          "type": "ColorPreset",
          "comment": "Color 1",
          "helpWanted": "Which colors can be selected at which DMX values?"
        },
        {
          "dmxRange": [20, 29],
          "type": "ColorPreset",
          "comment": "Color 2"
        },
        {
          "dmxRange": [30, 39],
          "type": "ColorPreset",
          "comment": "Color 3"
        },
        {
          "dmxRange": [40, 49],
          "type": "ColorPreset",
          "comment": "Color 4"
        },
        {
          "dmxRange": [50, 59],
          "type": "ColorPreset",
          "comment": "Color 5"
        },
        {
          "dmxRange": [60, 69],
          "type": "ColorPreset",
          "comment": "Color 6"
        },
        {
          "dmxRange": [70, 79],
          "type": "ColorPreset",
          "comment": "Color 7"
        },
        {
          "dmxRange": [80, 89],
          "type": "ColorPreset",
          "comment": "Color 8"
        },
        {
          "dmxRange": [90, 99],
          "type": "ColorPreset",
          "comment": "Color 9"
        },
        {
          "dmxRange": [100, 109],
          "type": "ColorPreset",
          "comment": "Color 10"
        },
        {
          "dmxRange": [110, 119],
          "type": "ColorPreset",
          "comment": "Color 11"
        },
        {
          "dmxRange": [120, 129],
          "type": "ColorPreset",
          "comment": "Color 12"
        },
        {
          "dmxRange": [130, 139],
          "type": "ColorPreset",
          "comment": "Color 13"
        },
        {
          "dmxRange": [140, 149],
          "type": "ColorPreset",
          "comment": "Color 14"
        },
        {
          "dmxRange": [150, 255],
          "type": "Effect",
          "effectPreset": "ColorJump",
          "speedStart": "slow",
          "speedEnd": "fast"
        }
      ]
    },
    "Gobo Wheel": {
      "capabilities": [
        {
          "dmxRange": [0, 9],
          "type": "WheelSlot",
          "slotNumber": 1
        },
        {
          "dmxRange": [10, 19],
          "type": "WheelSlot",
          "slotNumber": 2
        },
        {
          "dmxRange": [20, 29],
          "type": "WheelSlot",
          "slotNumber": 3
        },
        {
          "dmxRange": [30, 39],
          "type": "WheelSlot",
          "slotNumber": 4
        },
        {
          "dmxRange": [40, 49],
          "type": "WheelSlot",
          "slotNumber": 5
        },
        {
          "dmxRange": [50, 59],
          "type": "WheelSlot",
          "slotNumber": 6
        },
        {
          "dmxRange": [60, 69],
          "type": "WheelSlot",
          "slotNumber": 7
        },
        {
          "dmxRange": [70, 79],
          "type": "WheelSlot",
          "slotNumber": 8
        },
        {
          "dmxRange": [80, 89],
          "type": "WheelShake",
          "slotNumber": 8
        },
        {
          "dmxRange": [90, 99],
          "type": "WheelShake",
          "slotNumber": 7
        },
        {
          "dmxRange": [100, 109],
          "type": "WheelShake",
          "slotNumber": 6
        },
        {
          "dmxRange": [110, 119],
          "type": "WheelShake",
          "slotNumber": 5
        },
        {
          "dmxRange": [120, 129],
          "type": "WheelShake",
          "slotNumber": 4
        },
        {
          "dmxRange": [130, 139],
          "type": "WheelShake",
          "slotNumber": 3
        },
        {
          "dmxRange": [140, 149],
          "type": "WheelShake",
          "slotNumber": 2
        },
        {
          "dmxRange": [150, 255],
          "type": "WheelRotation",
          "speedStart": "slow CW",
          "speedEnd": "fast CW"
        }
      ]
    },
    "Auto Programs": {
      "capabilities": [
        {
          "dmxRange": [0, 30],
          "type": "NoFunction"
        },
        {
          "dmxRange": [31, 60],
          "type": "Effect",
          "effectName": "Auto Program 1",
          "speedStart": "slow",
          "speedEnd": "fast"
        },
        {
          "dmxRange": [61, 90],
          "type": "Effect",
          "effectName": "Auto Program 2",
          "speedStart": "slow",
          "speedEnd": "fast"
        },
        {
          "dmxRange": [91, 120],
          "type": "Effect",
          "effectName": "Auto Program 3",
          "speedStart": "slow",
          "speedEnd": "fast"
        },
        {
          "dmxRange": [121, 150],
          "type": "Effect",
          "effectName": "Auto Program 4",
          "speedStart": "slow",
          "speedEnd": "fast"
        },
        {
          "dmxRange": [151, 180],
          "type": "Effect",
          "effectName": "Sound Program 1",
          "soundControlled": true,
          "soundSensitivityStart": "low",
          "soundSensitivityEnd": "high"
        },
        {
          "dmxRange": [181, 210],
          "type": "Effect",
          "effectName": "Sound Program 2",
          "soundControlled": true,
          "soundSensitivityStart": "low",
          "soundSensitivityEnd": "high"
        },
        {
          "dmxRange": [211, 255],
          "type": "Maintenance",
          "hold": "5s",
          "comment": "System reset"
        }
      ]
    }
  },
  "modes": [
    {
      "name": "10-channel",
      "shortName": "10ch",
      "channels": [
        "Pan",
        "Pan fine",
        "Tilt",
        "Tilt fine",
        "Pan/Tilt Speed",
        "Dimmer",
        "Strobe",
        "Color Macros",
        "Gobo Wheel",
        "Auto Programs"
      ]
    },
    {
      "name": "7-channel",
      "shortName": "7ch",
      "channels": [
        "Pan",
        "Tilt",
        "Dimmer",
        "Strobe",
        "Color Macros",
        "Gobo Wheel",
        "Auto Programs"
      ]
    }
  ],
  "fixtureKey": "mini-led-spot-25w",
  "manufacturerKey": "uking",
  "oflURL": "https://open-fixture-library.org/uking/mini-led-spot-25w"
}
