{
  "$schema": "https://raw.githubusercontent.com/OpenLightingProject/open-fixture-library/schema-12.3.0/schemas/fixture.json",
  "name": "Par Light B262",
  "categories": ["Color Changer"],
  "meta": {
    "authors": ["Jason dinAlt"],
    "createDate": "2020-11-27",
    "lastModifyDate": "2020-11-27"
  },
  "comment": "This light appears to be identical to the \"LUNSY DJ Par Lights.\"\n\nSee \"other\" links for the LUNSY products and reviews.\n\nI was unable to find an online copy of the manual -- the manual link is someone's photo of a U'King manual, different model, which appears to have the same information as the one which came with the lights.",
  "links": {
    "manual": [
      "https://forums.pioneerdj.com/hc/en-us/community/posts/360043590112-U-King-54W-18-LED-PAR-7-Channel"
    ],
    "productPage": [
      "https://www.uking-online.com/product/par-can-b262-36w-36led-rgb-par-light-uking/"
    ],
    "other": [
      "https://www.amazon.com/LUNSY-Lighting-Controlled-Remoter-Control/dp/B07DPGPRZ3/",
      "https://www.topreviewpro.com/top-10-best-led-par-lights/"
    ]
  },
  "physical": {
    "dimensions": [180, 180, 100],
    "weight": 0.48,
    "power": 36,
    "DMXconnector": "3-pin",
    "bulb": {
      "type": "LED"
    },
    "lens": {
      "degreesMinMax": [30, 30]
    }
  },
  "availableChannels": {
    "Master Dimmer": {
      "capability": {
        "type": "Intensity"
      }
    },
    "Red": {
      "capability": {
        "type": "ColorIntensity",
        "color": "Red"
      }
    },
    "Green": {
      "capability": {
        "type": "ColorIntensity",
        "color": "Green"
      }
    },
    "Blue": {
      "capability": {
        "type": "ColorIntensity",
        "color": "Blue"
      }
    },
    "Strobe": {
      "capabilities": [
        {
          "dmxRange": [0, 7],
          "type": "ShutterStrobe",
          "shutterEffect": "Open"
        },
        {
          "dmxRange": [8, 255],
          "type": "ShutterStrobe",
          "shutterEffect": "Strobe",
          "speedStart": "slow",
          "speedEnd": "fast"
        }
      ]
    },
    "Mode": {
      "defaultValue": 0,
      "capabilities": [
        {
          "dmxRange": [0, 10],
          "type": "NoFunction",
          "comment": "Manual mode",
          "switchChannels": {
            "Hue Selection / Speed": "Hue Selection"
          }
        },
        {
          "dmxRange": [11, 60],
          "type": "Effect",
          "effectName": "Hue Select",
          "switchChannels": {
            "Hue Selection / Speed": "Hue Selection"
          }
        },
        {
          "dmxRange": [61, 110],
          "type": "Effect",
          "effectName": "Hue Shift",
          "switchChannels": {
            "Hue Selection / Speed": "Hue Shift Speed"
          }
        },
        {
          "dmxRange": [111, 160],
          "type": "Effect",
          "effectName": "Hue Pulse Transform",
          "comment": "Hue fades in and out, then shifts",
          "switchChannels": {
            "Hue Selection / Speed": "Effect Speed"
          }
        },
        {
          "dmxRange": [161, 210],
          "type": "Effect",
          "effectName": "Hue Transition",
          "comment": "Hue transitions to next in sequence",
          "switchChannels": {
            "Hue Selection / Speed": "Effect Speed"
          }
        },
        {
          "dmxRange": [211, 255],
          "type": "Effect",
          "effectName": "Sound Control",
          "soundControlled": true,
          "switchChannels": {
            "Hue Selection / Speed": "Effect Speed"
          }
        }
      ]
    },
    "Hue Selection": {
      "capability": {
        "type": "Generic",
        "comment": "Hue selection"
      }
    },
    "Hue Shift Speed": {
      "capability": {
        "type": "EffectSpeed",
        "speedStart": "slow",
        "speedEnd": "fast"
      }
    },
    "Effect Speed": {
      "capability": {
        "type": "EffectSpeed",
        "speedStart": "slow",
        "speedEnd": "fast"
      }
    }
  },
  "modes": [
    {
      "name": "7-channel",
      "shortName": "7ch",
      "channels": [
        "Master Dimmer",
        "Red",
        "Green",
        "Blue",
        "Strobe",
        "Mode",
        "Hue Selection / Speed"
      ]
    }
  ],
  "fixtureKey": "par-light-b262",
  "manufacturerKey": "uking",
  "oflURL": "https://open-fixture-library.org/uking/par-light-b262"
}
