{
  "$schema": "https://raw.githubusercontent.com/OpenLightingProject/open-fixture-library/schema-12.3.0/schemas/fixture.json",
  "name": "Stinger Spot",
  "shortName": "ADJStingerSpot",
  "categories": ["Moving Head", "Color Changer"],
  "meta": {
    "authors": ["unk", "Felix Edelmann"],
    "createDate": "2019-04-02",
    "lastModifyDate": "2019-04-02"
  },
  "links": {
    "manual": [
      "https://cdb.s3.amazonaws.com/ItemRelatedFiles/11167/ADJ%20Stinger%20Spot%20-%20User%20Manual.pdf"
    ],
    "productPage": [
      "https://www.adj.com/stinger-spot"
    ],
    "video": [
      "https://www.youtube.com/watch?v=nOYqH2oVWZg"
    ]
  },
  "physical": {
    "dimensions": [174, 273, 145],
    "weight": 3,
    "power": 36,
    "DMXconnector": "3-pin",
    "bulb": {
      "type": "10W white LED"
    },
    "lens": {
      "degreesMinMax": [13, 13]
    }
  },
  "wheels": {
    "Color Wheel": {
      "slots": [
        {
          "type": "Color",
          "name": "White",
          "colors": ["#ffffff"]
        },
        {
          "type": "Color",
          "name": "Red",
          "colors": ["#ff0000"]
        },
        {
          "type": "Color",
          "name": "Orange",
          "colors": ["#ff9900"]
        },
        {
          "type": "Color",
          "name": "Yellow",
          "colors": ["#ffff00"]
        },
        {
          "type": "Color",
          "name": "Green",
          "colors": ["#00ff00"]
        },
        {
          "type": "Color",
          "name": "Blue",
          "colors": ["#0000ff"]
        },
        {
          "type": "Color",
          "name": "Light blue",
          "colors": ["#0099ff"]
        },
        {
          "type": "Color",
          "name": "Pink",
          "colors": ["#ff00ff"]
        }
      ]
    },
    "Gobo Wheel": {
      "slots": [
        {
          "type": "Open"
        },
        {
          "type": "Gobo"
        },
        {
          "type": "Gobo"
        },
        {
          "type": "Gobo"
        },
        {
          "type": "Gobo"
        },
        {
          "type": "Gobo"
        },
        {
          "type": "Gobo"
        },
        {
          "type": "Gobo"
        }
      ]
    }
  },
  "availableChannels": {
    "Pan": {
      "fineChannelAliases": ["Pan fine"],
      "capability": {
        "type": "Pan",
        "angleStart": "0deg",
        "angleEnd": "540deg"
      }
    },
    "Tilt": {
      "fineChannelAliases": ["Tilt fine"],
      "capability": {
        "type": "Tilt",
        "angleStart": "0deg",
        "angleEnd": "210deg"
      }
    },
    "Color Wheel": {
      "capabilities": [
        {
          "dmxRange": [0, 7],
          "type": "WheelSlot",
          "slotNumber": 1
        },
        {
          "dmxRange": [8, 14],
          "type": "WheelSlot",
          "slotNumber": 2
        },
        {
          "dmxRange": [15, 21],
          "type": "WheelSlot",
          "slotNumber": 3
        },
        {
          "dmxRange": [22, 28],
          "type": "WheelSlot",
          "slotNumber": 4
        },
        {
          "dmxRange": [29, 35],
          "type": "WheelSlot",
          "slotNumber": 5
        },
        {
          "dmxRange": [36, 42],
          "type": "WheelSlot",
          "slotNumber": 6
        },
        {
          "dmxRange": [43, 49],
          "type": "WheelSlot",
          "slotNumber": 7
        },
        {
          "dmxRange": [50, 56],
          "type": "WheelSlot",
          "slotNumber": 8
        },
        {
          "dmxRange": [57, 127],
          "type": "Generic",
          "comment": "Split Colors",
          "helpWanted": "Which split colors can be selected at which DMX values?"
        },
        {
          "dmxRange": [128, 189],
          "type": "WheelRotation",
          "speedStart": "fast CW",
          "speedEnd": "slow CW"
        },
        {
          "dmxRange": [190, 193],
          "type": "WheelRotation",
          "speed": "stop"
        },
        {
          "dmxRange": [194, 255],
          "type": "WheelRotation",
          "speedStart": "slow CCW",
          "speedEnd": "fast CCW"
        }
      ]
    },
    "Gobo Wheel": {
      "defaultValue": 0,
      "capabilities": [
        {
          "dmxRange": [0, 7],
          "type": "WheelSlot",
          "slotNumber": 1
        },
        {
          "dmxRange": [8, 15],
          "type": "WheelSlot",
          "slotNumber": 2
        },
        {
          "dmxRange": [16, 23],
          "type": "WheelSlot",
          "slotNumber": 3
        },
        {
          "dmxRange": [24, 31],
          "type": "WheelSlot",
          "slotNumber": 4
        },
        {
          "dmxRange": [32, 39],
          "type": "WheelSlot",
          "slotNumber": 5
        },
        {
          "dmxRange": [40, 47],
          "type": "WheelSlot",
          "slotNumber": 6
        },
        {
          "dmxRange": [48, 55],
          "type": "WheelSlot",
          "slotNumber": 7
        },
        {
          "dmxRange": [56, 63],
          "type": "WheelSlot",
          "slotNumber": 8
        },
        {
          "dmxRange": [64, 71],
          "type": "WheelShake",
          "slotNumber": 1
        },
        {
          "dmxRange": [72, 79],
          "type": "WheelShake",
          "slotNumber": 2
        },
        {
          "dmxRange": [80, 87],
          "type": "WheelShake",
          "slotNumber": 3
        },
        {
          "dmxRange": [88, 95],
          "type": "WheelShake",
          "slotNumber": 4
        },
        {
          "dmxRange": [96, 103],
          "type": "WheelShake",
          "slotNumber": 5
        },
        {
          "dmxRange": [104, 111],
          "type": "WheelShake",
          "slotNumber": 6
        },
        {
          "dmxRange": [112, 119],
          "type": "WheelShake",
          "slotNumber": 7
        },
        {
          "dmxRange": [120, 127],
          "type": "WheelShake",
          "slotNumber": 8
        },
        {
          "dmxRange": [128, 189],
          "type": "WheelRotation",
          "speedStart": "fast CW",
          "speedEnd": "slow CW"
        },
        {
          "dmxRange": [190, 193],
          "type": "WheelRotation",
          "speed": "stop"
        },
        {
          "dmxRange": [194, 255],
          "type": "WheelRotation",
          "speedStart": "slow CCW",
          "speedEnd": "fast CCW"
        }
      ]
    },
    "Shutter / Strobe": {
      "defaultValue": 8,
      "capabilities": [
        {
          "dmxRange": [0, 7],
          "type": "ShutterStrobe",
          "shutterEffect": "Closed"
        },
        {
          "dmxRange": [8, 15],
          "type": "ShutterStrobe",
          "shutterEffect": "Open"
        },
        {
          "dmxRange": [16, 131],
          "type": "ShutterStrobe",
          "shutterEffect": "Strobe",
          "speedStart": "slow",
          "speedEnd": "fast"
        },
        {
          "dmxRange": [132, 139],
          "type": "ShutterStrobe",
          "shutterEffect": "Open"
        },
        {
          "dmxRange": [140, 181],
          "type": "ShutterStrobe",
          "shutterEffect": "RampUp"
        },
        {
          "dmxRange": [182, 189],
          "type": "ShutterStrobe",
          "shutterEffect": "Open"
        },
        {
          "dmxRange": [190, 231],
          "type": "ShutterStrobe",
          "shutterEffect": "RampDown"
        },
        {
          "dmxRange": [232, 239],
          "type": "ShutterStrobe",
          "shutterEffect": "Open"
        },
        {
          "dmxRange": [240, 247],
          "type": "ShutterStrobe",
          "shutterEffect": "Strobe",
          "randomTiming": true
        },
        {
          "dmxRange": [248, 255],
          "type": "ShutterStrobe",
          "shutterEffect": "Open"
        }
      ]
    },
    "Dimmer": {
      "defaultValue": 0,
      "capability": {
        "type": "Intensity"
      }
    },
    "Movement Speed": {
      "defaultValue": 0,
      "capability": {
        "type": "PanTiltSpeed",
        "speedStart": "fast",
        "speedEnd": "slow"
      }
    },
    "Function": {
      "defaultValue": 0,
      "capabilities": [
        {
          "dmxRange": [0, 69],
          "type": "NoFunction"
        },
        {
          "dmxRange": [70, 79],
          "type": "Maintenance",
          "comment": "Blackout with pan/tilt"
        },
        {
          "dmxRange": [80, 89],
          "type": "Maintenance",
          "comment": "No blackout with pan/tilt"
        },
        {
          "dmxRange": [90, 99],
          "type": "Maintenance",
          "comment": "Blackout with color change"
        },
        {
          "dmxRange": [100, 109],
          "type": "Maintenance",
          "comment": "No blackout with color change"
        },
        {
          "dmxRange": [110, 119],
          "type": "Maintenance",
          "comment": "Blackout with gobo change"
        },
        {
          "dmxRange": [120, 129],
          "type": "Maintenance",
          "comment": "No blackout with gobo change"
        },
        {
          "dmxRange": [130, 199],
          "type": "NoFunction"
        },
        {
          "dmxRange": [200, 209],
          "type": "Maintenance",
          "comment": "Reset all"
        },
        {
          "dmxRange": [210, 249],
          "type": "NoFunction"
        },
        {
          "dmxRange": [250, 255],
          "type": "Effect",
          "effectName": "Sound-active mode",
          "soundControlled": true
        }
      ]
    },
    "Dimmer Curves": {
      "capabilities": [
        {
          "dmxRange": [0, 20],
          "type": "Maintenance",
          "comment": "Standard"
        },
        {
          "dmxRange": [21, 40],
          "type": "Maintenance",
          "comment": "Stage"
        },
        {
          "dmxRange": [41, 60],
          "type": "Maintenance",
          "comment": "TV"
        },
        {
          "dmxRange": [61, 80],
          "type": "Maintenance",
          "comment": "Architectural"
        },
        {
          "dmxRange": [81, 100],
          "type": "Maintenance",
          "comment": "Theatre"
        },
        {
          "dmxRange": [101, 255],
          "type": "NoFunction",
          "comment": "Default unit curve"
        }
      ]
    }
  },
  "modes": [
    {
      "name": "9-channel",
      "shortName": "9ch",
      "channels": [
        "Pan",
        "Tilt",
        "Color Wheel",
        "Gobo Wheel",
        "Shutter / Strobe",
        "Dimmer",
        "Movement Speed",
        "Function",
        "Dimmer Curves"
      ]
    },
    {
      "name": "11-channel",
      "shortName": "11ch",
      "channels": [
        "Pan",
        "Pan fine",
        "Tilt",
        "Tilt fine",
        "Color Wheel",
        "Gobo Wheel",
        "Shutter / Strobe",
        "Dimmer",
        "Movement Speed",
        "Function",
        "Dimmer Curves"
      ]
    }
  ],
  "fixtureKey": "stinger-spot",
  "manufacturerKey": "american-dj",
  "oflURL": "https://open-fixture-library.org/american-dj/stinger-spot"
}
