{
  "$schema": "https://raw.githubusercontent.com/OpenLightingProject/open-fixture-library/schema-12.3.0/schemas/fixture.json",
  "name": "Lux Ld01",
  "categories": ["Moving Head", "Color Changer"],
  "meta": {
    "authors": ["Thomaxz"],
    "createDate": "2019-11-01",
    "lastModifyDate": "2019-11-01"
  },
  "links": {
    "manual": [
      "https://www.manualslib.com/manual/752487/Qtx-Lux-Ld01.html"
    ],
    "video": [
      "https://www.youtube.com/watch?v=EKwxFZwRC3M"
    ]
  },
  "physical": {
    "dimensions": [173, 249, 173],
    "weight": 3.8,
    "power": 83.6,
    "DMXconnector": "3-pin",
    "bulb": {
      "type": "14W RGB LED"
    },
    "lens": {
      "degreesMinMax": [13, 13]
    }
  },
  "wheels": {
    "Gobo Wheel": {
      "slots": [
        {
          "type": "Open"
        },
        {
          "type": "Gobo",
          "name": "Flower"
        },
        {
          "type": "Gobo",
          "name": "Light Swirl"
        },
        {
          "type": "Gobo",
          "name": "Triangle Circle"
        },
        {
          "type": "Gobo",
          "name": "Small Hearts"
        },
        {
          "type": "Gobo",
          "name": "Small lights"
        },
        {
          "type": "Gobo",
          "name": "Star like"
        },
        {
          "type": "Gobo",
          "name": "Big swirl"
        },
        {
          "type": "Gobo",
          "name": "Lines in quads"
        },
        {
          "type": "Gobo",
          "name": "Flowers"
        }
      ]
    }
  },
  "availableChannels": {
    "Pan": {
      "fineChannelAliases": ["Pan fine"],
      "capability": {
        "type": "Pan",
        "angleStart": "0deg",
        "angleEnd": "540deg"
      }
    },
    "Tilt": {
      "fineChannelAliases": ["Tilt fine"],
      "capability": {
        "type": "Tilt",
        "angleStart": "0deg",
        "angleEnd": "270deg"
      }
    },
    "Pan/Tilt Speed": {
      "capability": {
        "type": "PanTiltSpeed",
        "speedStart": "fast",
        "speedEnd": "slow"
      }
    },
    "Dimmer / Strobe": {
      "defaultValue": 255,
      "capabilities": [
        {
          "dmxRange": [0, 7],
          "type": "ShutterStrobe",
          "shutterEffect": "Closed"
        },
        {
          "dmxRange": [8, 134],
          "type": "Intensity",
          "brightnessStart": "100%",
          "brightnessEnd": "0%"
        },
        {
          "dmxRange": [135, 239],
          "type": "ShutterStrobe",
          "shutterEffect": "Strobe",
          "speedStart": "slow",
          "speedEnd": "fast"
        },
        {
          "dmxRange": [240, 255],
          "type": "ShutterStrobe",
          "shutterEffect": "Open"
        }
      ]
    },
    "Red": {
      "capability": {
        "type": "ColorIntensity",
        "color": "Red"
      }
    },
    "Green": {
      "capability": {
        "type": "ColorIntensity",
        "color": "Green"
      }
    },
    "Blue": {
      "capability": {
        "type": "ColorIntensity",
        "color": "Blue"
      }
    },
    "Color Macros": {
      "capabilities": [
        {
          "dmxRange": [0, 7],
          "type": "NoFunction"
        },
        {
          "dmxRange": [8, 21],
          "type": "ColorPreset",
          "comment": "White",
          "colors": ["#ffffff"]
        },
        {
          "dmxRange": [22, 34],
          "type": "ColorPreset",
          "comment": "Red",
          "colors": ["#ff0000"]
        },
        {
          "dmxRange": [35, 49],
          "type": "ColorPreset",
          "comment": "Green",
          "colors": ["#00ff00"]
        },
        {
          "dmxRange": [50, 63],
          "type": "ColorPreset",
          "comment": "Blue",
          "colors": ["#0000ff"]
        },
        {
          "dmxRange": [64, 77],
          "type": "ColorPreset",
          "comment": "Cyan",
          "colors": ["#00ffff"]
        },
        {
          "dmxRange": [78, 91],
          "type": "ColorPreset",
          "comment": "Magenta",
          "colors": ["#ff00ff"]
        },
        {
          "dmxRange": [92, 105],
          "type": "ColorPreset",
          "comment": "Yellow",
          "colors": ["#ffff00"]
        },
        {
          "dmxRange": [106, 119],
          "type": "ColorPreset",
          "comment": "Purple",
          "colors": ["#cc00ff"]
        },
        {
          "dmxRange": [120, 133],
          "type": "ColorPreset",
          "comment": "Orange",
          "colors": ["#ffaa00"]
        },
        {
          "dmxRange": [134, 147],
          "type": "ColorPreset",
          "comment": "Chartreuse",
          "colors": ["#7fff00"]
        },
        {
          "dmxRange": [148, 161],
          "type": "ColorPreset",
          "comment": "Pink",
          "colors": ["#ff66cc"]
        },
        {
          "dmxRange": [162, 175],
          "type": "ColorPreset",
          "comment": "Brown",
          "colors": ["#aa6600"]
        },
        {
          "dmxRange": [176, 189],
          "type": "ColorPreset",
          "comment": "Gold",
          "colors": ["#ffcc00"]
        },
        {
          "dmxRange": [190, 203],
          "type": "ColorPreset",
          "comment": "Crimson",
          "colors": ["#dc143c"]
        },
        {
          "dmxRange": [204, 217],
          "type": "ColorPreset",
          "comment": "Violet",
          "colors": ["#6600ff"]
        },
        {
          "dmxRange": [218, 231],
          "type": "ColorPreset",
          "comment": "Crape",
          "colors": ["#ff66aa"]
        },
        {
          "dmxRange": [232, 255],
          "type": "Effect",
          "effectPreset": "ColorJump"
        }
      ]
    },
    "Vector Speed (Color)": {
      "capability": {
        "type": "EffectSpeed",
        "speedStart": "slow",
        "speedEnd": "fast"
      }
    },
    "Movement Macros": {
      "capabilities": [
        {
          "dmxRange": [0, 7],
          "type": "NoFunction"
        },
        {
          "dmxRange": [8, 22],
          "type": "Effect",
          "effectName": "Auto Program 1"
        },
        {
          "dmxRange": [23, 37],
          "type": "Effect",
          "effectName": "Auto Program 2"
        },
        {
          "dmxRange": [38, 52],
          "type": "Effect",
          "effectName": "Auto Program 3"
        },
        {
          "dmxRange": [53, 67],
          "type": "Effect",
          "effectName": "Auto Program 4"
        },
        {
          "dmxRange": [68, 82],
          "type": "Effect",
          "effectName": "Auto Program 5"
        },
        {
          "dmxRange": [83, 97],
          "type": "Effect",
          "effectName": "Auto Program 6"
        },
        {
          "dmxRange": [98, 112],
          "type": "Effect",
          "effectName": "Auto Program 7"
        },
        {
          "dmxRange": [113, 127],
          "type": "Effect",
          "effectName": "Auto Program 8"
        },
        {
          "dmxRange": [128, 142],
          "type": "Effect",
          "effectName": "Sound-active Program 1",
          "soundControlled": true
        },
        {
          "dmxRange": [143, 157],
          "type": "Effect",
          "effectName": "Sound-active Program 2",
          "soundControlled": true
        },
        {
          "dmxRange": [158, 172],
          "type": "Effect",
          "effectName": "Sound-active Program 3",
          "soundControlled": true
        },
        {
          "dmxRange": [173, 187],
          "type": "Effect",
          "effectName": "Sound-active Program 4",
          "soundControlled": true
        },
        {
          "dmxRange": [188, 202],
          "type": "Effect",
          "effectName": "Sound-active Program 5",
          "soundControlled": true
        },
        {
          "dmxRange": [203, 217],
          "type": "Effect",
          "effectName": "Sound-active Program 6",
          "soundControlled": true
        },
        {
          "dmxRange": [218, 232],
          "type": "Effect",
          "effectName": "Sound-active Program 7",
          "soundControlled": true
        },
        {
          "dmxRange": [233, 255],
          "type": "Effect",
          "effectName": "Sound-active Program 8",
          "soundControlled": true
        }
      ]
    },
    "Gobo Wheel": {
      "capabilities": [
        {
          "dmxRange": [0, 7],
          "type": "WheelSlot",
          "slotNumber": 1
        },
        {
          "dmxRange": [8, 15],
          "type": "WheelSlot",
          "slotNumber": 2
        },
        {
          "dmxRange": [16, 23],
          "type": "WheelSlot",
          "slotNumber": 3
        },
        {
          "dmxRange": [24, 31],
          "type": "WheelSlot",
          "slotNumber": 4
        },
        {
          "dmxRange": [32, 39],
          "type": "WheelSlot",
          "slotNumber": 5
        },
        {
          "dmxRange": [40, 47],
          "type": "WheelSlot",
          "slotNumber": 6
        },
        {
          "dmxRange": [48, 55],
          "type": "WheelSlot",
          "slotNumber": 7
        },
        {
          "dmxRange": [56, 63],
          "type": "WheelSlot",
          "slotNumber": 8
        },
        {
          "dmxRange": [64, 71],
          "type": "WheelSlot",
          "slotNumber": 9
        },
        {
          "dmxRange": [72, 79],
          "type": "WheelSlot",
          "slotNumber": 10
        },
        {
          "dmxRange": [80, 94],
          "type": "WheelShake",
          "slotNumber": 2
        },
        {
          "dmxRange": [95, 109],
          "type": "WheelShake",
          "slotNumber": 3
        },
        {
          "dmxRange": [110, 124],
          "type": "WheelShake",
          "slotNumber": 4
        },
        {
          "dmxRange": [125, 139],
          "type": "WheelShake",
          "slotNumber": 5
        },
        {
          "dmxRange": [140, 154],
          "type": "WheelShake",
          "slotNumber": 6
        },
        {
          "dmxRange": [155, 169],
          "type": "WheelShake",
          "slotNumber": 7
        },
        {
          "dmxRange": [170, 184],
          "type": "WheelShake",
          "slotNumber": 8
        },
        {
          "dmxRange": [185, 199],
          "type": "WheelShake",
          "slotNumber": 9
        },
        {
          "dmxRange": [200, 214],
          "type": "WheelShake",
          "slotNumber": 10
        },
        {
          "dmxRange": [215, 235],
          "type": "WheelRotation",
          "speedStart": "slow CW",
          "speedEnd": "fast CW"
        },
        {
          "dmxRange": [236, 255],
          "type": "WheelRotation",
          "speedStart": "slow CCW",
          "speedEnd": "fast CCW"
        }
      ]
    }
  },
  "modes": [
    {
      "name": "13-Channel",
      "shortName": "13ch",
      "channels": [
        "Pan",
        "Pan fine",
        "Tilt",
        "Tilt fine",
        "Pan/Tilt Speed",
        "Dimmer / Strobe",
        "Red",
        "Green",
        "Blue",
        "Color Macros",
        "Vector Speed (Color)",
        "Movement Macros",
        "Gobo Wheel"
      ]
    },
    {
      "name": "12-Channel for Wash",
      "shortName": "12ch-wash",
      "channels": [
        "Pan",
        "Pan fine",
        "Tilt",
        "Tilt fine",
        "Pan/Tilt Speed",
        "Dimmer / Strobe",
        "Red",
        "Green",
        "Blue",
        "Color Macros",
        "Vector Speed (Color)",
        "Movement Macros"
      ]
    },
    {
      "name": "5-Channel for Spot",
      "shortName": "5ch-spot",
      "channels": [
        "Pan",
        "Tilt",
        "Dimmer / Strobe",
        "Color Macros",
        "Gobo Wheel"
      ]
    },
    {
      "name": "4-Channel for Wash",
      "shortName": "4ch-wash",
      "channels": [
        "Pan",
        "Tilt",
        "Dimmer / Strobe",
        "Color Macros"
      ]
    }
  ],
  "fixtureKey": "lux-ld01",
  "manufacturerKey": "qtx",
  "oflURL": "https://open-fixture-library.org/qtx/lux-ld01"
}
