{
  "$schema": "https://raw.githubusercontent.com/OpenLightingProject/open-fixture-library/schema-12.3.0/schemas/fixture.json",
  "name": "LED TL-4 QCL",
  "categories": ["Color Changer"],
  "meta": {
    "authors": ["Clemens Mair"],
    "createDate": "2021-10-29",
    "lastModifyDate": "2021-10-29"
  },
  "links": {
    "manual": [
      "https://www.steinigke.de/download/51915448-Manual-122742-1.000-eurolite-led-tl-4-qcl-rgb+uv-trusslight-de_en.pdf"
    ],
    "productPage": [
      "https://www.steinigke.de/en/mpn51915448-eurolite-led-tl-4-qcl-rgb+uv-trusslight.html"
    ],
    "video": [
      "https://www.youtube.com/watch?v=FZe4SH3rlaQ"
    ]
  },
  "physical": {
    "dimensions": [145, 130, 155],
    "weight": 1.3,
    "power": 15,
    "DMXconnector": "3-pin",
    "bulb": {
      "type": "4× 8W 4in1 QCL RGB+UV LED"
    },
    "lens": {
      "degreesMinMax": [13, 30]
    }
  },
  "availableChannels": {
    "Master Dimmer": {
      "capability": {
        "type": "Intensity"
      }
    },
    "Strobe": {
      "capability": {
        "type": "ShutterStrobe",
        "shutterEffect": "Strobe",
        "speedStart": "0Hz",
        "speedEnd": "20Hz",
        "helpWanted": "At which DMX value is the light constantly on or off?"
      }
    },
    "Red": {
      "capability": {
        "type": "ColorIntensity",
        "color": "Red"
      }
    },
    "Green": {
      "capability": {
        "type": "ColorIntensity",
        "color": "Green"
      }
    },
    "Blue": {
      "capability": {
        "type": "ColorIntensity",
        "color": "Blue"
      }
    },
    "UV": {
      "capability": {
        "type": "ColorIntensity",
        "color": "UV"
      }
    },
    "Color Presets": {
      "capabilities": [
        {
          "dmxRange": [0, 9],
          "type": "NoFunction"
        },
        {
          "dmxRange": [10, 19],
          "type": "ColorPreset",
          "comment": "Red",
          "colors": ["#ff0000"]
        },
        {
          "dmxRange": [20, 29],
          "type": "ColorPreset",
          "comment": "Green",
          "colors": ["#00ff00"]
        },
        {
          "dmxRange": [30, 39],
          "type": "ColorPreset",
          "comment": "Blue",
          "colors": ["#0000ff"]
        },
        {
          "dmxRange": [40, 49],
          "type": "ColorPreset",
          "comment": "UV",
          "colors": ["#8800ff"]
        },
        {
          "dmxRange": [50, 59],
          "type": "ColorPreset",
          "comment": "Yellow",
          "colors": ["#ffff00"]
        },
        {
          "dmxRange": [60, 69],
          "type": "ColorPreset",
          "comment": "Magenta",
          "colors": ["#ff00ff"]
        },
        {
          "dmxRange": [70, 79],
          "type": "ColorPreset",
          "comment": "Cyan",
          "colors": ["#00ffff"]
        },
        {
          "dmxRange": [80, 89],
          "type": "ColorPreset",
          "comment": "Dark orange",
          "colors": ["#c04d00"]
        },
        {
          "dmxRange": [90, 99],
          "type": "ColorPreset",
          "comment": "Green yellow",
          "colors": ["#88ff00"]
        },
        {
          "dmxRange": [100, 109],
          "type": "ColorPreset",
          "comment": "Salmon",
          "colors": ["#ff8888"]
        },
        {
          "dmxRange": [110, 119],
          "type": "ColorPreset",
          "comment": "Turquoise",
          "colors": ["#1d9cce"]
        },
        {
          "dmxRange": [120, 129],
          "type": "ColorPreset",
          "comment": "Light green",
          "colors": ["#88ff88"]
        },
        {
          "dmxRange": [130, 139],
          "type": "ColorPreset",
          "comment": "Orange",
          "colors": ["#ff8800"]
        },
        {
          "dmxRange": [140, 149],
          "type": "ColorPreset",
          "comment": "Lavender",
          "colors": ["#cc61cc"]
        },
        {
          "dmxRange": [150, 159],
          "type": "ColorPreset",
          "comment": "Light blue",
          "colors": ["#52aeff"]
        },
        {
          "dmxRange": [160, 169],
          "type": "ColorPreset",
          "comment": "Dark blue",
          "colors": ["#000088"]
        },
        {
          "dmxRange": [170, 179],
          "type": "ColorPreset",
          "comment": "Pink",
          "colors": ["#ff88ff"]
        },
        {
          "dmxRange": [180, 255],
          "type": "ColorPreset",
          "comment": "White",
          "colors": ["#ffffff"]
        }
      ]
    },
    "Auto Mode / Sound Control": {
      "capabilities": [
        {
          "dmxRange": [0, 9],
          "type": "NoFunction"
        },
        {
          "dmxRange": [10, 69],
          "type": "Effect",
          "effectPreset": "ColorFade",
          "speedStart": "slow",
          "speedEnd": "fast"
        },
        {
          "dmxRange": [70, 129],
          "type": "Effect",
          "effectPreset": "ColorJump",
          "speedStart": "slow",
          "speedEnd": "fast"
        },
        {
          "dmxRange": [130, 189],
          "type": "Effect",
          "effectPreset": "ColorFade",
          "soundControlled": true,
          "soundSensitivityStart": "low",
          "soundSensitivityEnd": "high"
        },
        {
          "dmxRange": [190, 255],
          "type": "Effect",
          "effectPreset": "ColorJump",
          "soundControlled": true,
          "soundSensitivityStart": "low",
          "soundSensitivityEnd": "high"
        }
      ]
    }
  },
  "modes": [
    {
      "name": "3-channel",
      "shortName": "3ch",
      "channels": [
        "Red",
        "Green",
        "Blue"
      ]
    },
    {
      "name": "4-channel 1",
      "shortName": "4ch1",
      "channels": [
        "Red",
        "Green",
        "Blue",
        "UV"
      ]
    },
    {
      "name": "4-channel",
      "shortName": "4ch",
      "channels": [
        "Master Dimmer",
        "Strobe",
        "Color Presets",
        "Auto Mode / Sound Control"
      ]
    },
    {
      "name": "8-channel",
      "shortName": "8ch",
      "channels": [
        "Master Dimmer",
        "Strobe",
        "Red",
        "Green",
        "Blue",
        "UV",
        "Color Presets",
        "Auto Mode / Sound Control"
      ]
    }
  ],
  "fixtureKey": "led-tl-4-qcl",
  "manufacturerKey": "eurolite",
  "oflURL": "https://open-fixture-library.org/eurolite/led-tl-4-qcl"
}
