{
  "$schema": "https://raw.githubusercontent.com/OpenLightingProject/open-fixture-library/schema-12.3.0/schemas/fixture.json",
  "name": "XS 250 Spot",
  "shortName": "PR-XS250",
  "categories": ["Moving Head", "Color Changer"],
  "meta": {
    "authors": ["SEB", "Flo Edelmann"],
    "createDate": "2019-03-29",
    "lastModifyDate": "2019-03-29"
  },
  "links": {
    "manual": [
      "https://www.thedmxwiki.com/_media/lighting_fixtures/pr_lighting/pr_lighting_xs_250.pdf"
    ]
  },
  "physical": {
    "dimensions": [390, 564, 373],
    "weight": 22,
    "power": 370,
    "DMXconnector": "3-pin and 5-pin",
    "bulb": {
      "type": "Philips MSD 250W/2",
      "colorTemperature": 8500
    },
    "lens": {
      "degreesMinMax": [16, 16]
    }
  },
  "wheels": {
    "Color Wheel": {
      "slots": [
        {
          "type": "Open"
        },
        {
          "type": "Color"
        },
        {
          "type": "Color"
        },
        {
          "type": "Color"
        },
        {
          "type": "Color"
        },
        {
          "type": "Color"
        },
        {
          "type": "Color"
        },
        {
          "type": "Color"
        },
        {
          "type": "Color"
        },
        {
          "type": "Color"
        },
        {
          "type": "Color"
        },
        {
          "type": "Color"
        },
        {
          "type": "Color"
        }
      ]
    },
    "Fixed Gobo Wheel": {
      "slots": [
        {
          "type": "Open"
        },
        {
          "type": "Gobo"
        },
        {
          "type": "Gobo"
        },
        {
          "type": "Gobo"
        },
        {
          "type": "Gobo"
        },
        {
          "type": "Gobo"
        },
        {
          "type": "Gobo"
        },
        {
          "type": "Gobo"
        },
        {
          "type": "Gobo"
        },
        {
          "type": "Gobo"
        },
        {
          "type": "Gobo"
        }
      ]
    },
    "Rotating Gobo Wheel": {
      "slots": [
        {
          "type": "Open"
        },
        {
          "type": "Gobo"
        },
        {
          "type": "Gobo"
        },
        {
          "type": "Gobo"
        },
        {
          "type": "Gobo"
        },
        {
          "type": "Gobo"
        },
        {
          "type": "Gobo"
        },
        {
          "type": "Gobo"
        }
      ]
    }
  },
  "availableChannels": {
    "Strobe": {
      "defaultValue": 0,
      "capabilities": [
        {
          "dmxRange": [0, 9],
          "type": "ShutterStrobe",
          "shutterEffect": "Closed"
        },
        {
          "dmxRange": [10, 25],
          "type": "ShutterStrobe",
          "shutterEffect": "Open",
          "helpWanted": "Does this capability start at 10 or 11?"
        },
        {
          "dmxRange": [26, 225],
          "type": "ShutterStrobe",
          "shutterEffect": "Strobe",
          "speedStart": "0.3Hz",
          "speedEnd": "12Hz"
        },
        {
          "dmxRange": [226, 255],
          "type": "ShutterStrobe",
          "shutterEffect": "Open"
        }
      ]
    },
    "Dimmer": {
      "fineChannelAliases": ["Dimmer fine"],
      "defaultValue": 0,
      "capability": {
        "type": "Intensity"
      }
    },
    "Color Wheel": {
      "defaultValue": 0,
      "capabilities": [
        {
          "dmxRange": [0, 20],
          "type": "WheelSlot",
          "slotNumber": 1
        },
        {
          "dmxRange": [21, 28],
          "type": "WheelSlot",
          "slotNumber": 2,
          "helpWanted": "What colors can be chosen?"
        },
        {
          "dmxRange": [29, 37],
          "type": "WheelSlot",
          "slotNumber": 3
        },
        {
          "dmxRange": [38, 45],
          "type": "WheelSlot",
          "slotNumber": 4
        },
        {
          "dmxRange": [46, 54],
          "type": "WheelSlot",
          "slotNumber": 5
        },
        {
          "dmxRange": [55, 62],
          "type": "WheelSlot",
          "slotNumber": 6
        },
        {
          "dmxRange": [63, 71],
          "type": "WheelSlot",
          "slotNumber": 7
        },
        {
          "dmxRange": [72, 80],
          "type": "WheelSlot",
          "slotNumber": 8
        },
        {
          "dmxRange": [81, 88],
          "type": "WheelSlot",
          "slotNumber": 9
        },
        {
          "dmxRange": [89, 97],
          "type": "WheelSlot",
          "slotNumber": 10
        },
        {
          "dmxRange": [98, 105],
          "type": "WheelSlot",
          "slotNumber": 11
        },
        {
          "dmxRange": [106, 114],
          "type": "WheelSlot",
          "slotNumber": 12
        },
        {
          "dmxRange": [115, 123],
          "type": "WheelSlot",
          "slotNumber": 13
        },
        {
          "dmxRange": [124, 127],
          "type": "WheelSlot",
          "slotNumber": 1
        },
        {
          "dmxRange": [128, 187],
          "type": "WheelRotation",
          "speedStart": "slow CW",
          "speedEnd": "fast CW"
        },
        {
          "dmxRange": [188, 195],
          "type": "WheelRotation",
          "speed": "stop"
        },
        {
          "dmxRange": [196, 255],
          "type": "WheelRotation",
          "speedStart": "slow CCW",
          "speedEnd": "fast CCW"
        }
      ]
    },
    "Fixed Gobo Wheel": {
      "defaultValue": 0,
      "capabilities": [
        {
          "dmxRange": [0, 11],
          "type": "WheelSlot",
          "slotNumber": 1
        },
        {
          "dmxRange": [12, 23],
          "type": "WheelSlot",
          "slotNumber": 2,
          "helpWanted": "What gobos can be chosen?"
        },
        {
          "dmxRange": [24, 34],
          "type": "WheelSlot",
          "slotNumber": 3
        },
        {
          "dmxRange": [35, 46],
          "type": "WheelSlot",
          "slotNumber": 4
        },
        {
          "dmxRange": [47, 57],
          "type": "WheelSlot",
          "slotNumber": 5
        },
        {
          "dmxRange": [58, 69],
          "type": "WheelSlot",
          "slotNumber": 6
        },
        {
          "dmxRange": [70, 80],
          "type": "WheelSlot",
          "slotNumber": 7
        },
        {
          "dmxRange": [81, 92],
          "type": "WheelSlot",
          "slotNumber": 8
        },
        {
          "dmxRange": [93, 103],
          "type": "WheelSlot",
          "slotNumber": 9
        },
        {
          "dmxRange": [104, 115],
          "type": "WheelSlot",
          "slotNumber": 10
        },
        {
          "dmxRange": [116, 127],
          "type": "WheelSlot",
          "slotNumber": 11
        },
        {
          "dmxRange": [128, 150],
          "type": "WheelRotation",
          "speedStart": "slow CW",
          "speedEnd": "fast CW"
        },
        {
          "dmxRange": [151, 171],
          "type": "WheelRotation",
          "speedStart": "slow CCW",
          "speedEnd": "fast CCW"
        },
        {
          "dmxRange": [172, 183],
          "type": "WheelShake",
          "slotNumber": 2,
          "shakeSpeedStart": "slow",
          "shakeSpeedEnd": "fast"
        },
        {
          "dmxRange": [184, 191],
          "type": "WheelShake",
          "slotNumber": 3,
          "shakeSpeedStart": "slow",
          "shakeSpeedEnd": "fast"
        },
        {
          "dmxRange": [192, 199],
          "type": "WheelShake",
          "slotNumber": 4,
          "shakeSpeedStart": "slow",
          "shakeSpeedEnd": "fast"
        },
        {
          "dmxRange": [200, 207],
          "type": "WheelShake",
          "slotNumber": 5,
          "shakeSpeedStart": "slow",
          "shakeSpeedEnd": "fast"
        },
        {
          "dmxRange": [208, 215],
          "type": "WheelShake",
          "slotNumber": 6,
          "shakeSpeedStart": "slow",
          "shakeSpeedEnd": "fast"
        },
        {
          "dmxRange": [216, 223],
          "type": "WheelShake",
          "slotNumber": 7,
          "shakeSpeedStart": "slow",
          "shakeSpeedEnd": "fast"
        },
        {
          "dmxRange": [224, 231],
          "type": "WheelShake",
          "slotNumber": 8,
          "shakeSpeedStart": "slow",
          "shakeSpeedEnd": "fast"
        },
        {
          "dmxRange": [232, 239],
          "type": "WheelShake",
          "slotNumber": 9,
          "shakeSpeedStart": "slow",
          "shakeSpeedEnd": "fast"
        },
        {
          "dmxRange": [240, 247],
          "type": "WheelShake",
          "slotNumber": 10,
          "shakeSpeedStart": "slow",
          "shakeSpeedEnd": "fast"
        },
        {
          "dmxRange": [248, 255],
          "type": "WheelShake",
          "slotNumber": 11,
          "shakeSpeedStart": "slow",
          "shakeSpeedEnd": "fast"
        }
      ]
    },
    "Rotating Gobo Wheel": {
      "defaultValue": 0,
      "capabilities": [
        {
          "dmxRange": [0, 16],
          "type": "WheelSlot",
          "slotNumber": 1
        },
        {
          "dmxRange": [17, 32],
          "type": "WheelSlot",
          "slotNumber": 2,
          "helpWanted": "What gobos can be chosen?"
        },
        {
          "dmxRange": [33, 48],
          "type": "WheelSlot",
          "slotNumber": 3
        },
        {
          "dmxRange": [49, 64],
          "type": "WheelSlot",
          "slotNumber": 4
        },
        {
          "dmxRange": [65, 80],
          "type": "WheelSlot",
          "slotNumber": 5
        },
        {
          "dmxRange": [81, 96],
          "type": "WheelSlot",
          "slotNumber": 6
        },
        {
          "dmxRange": [97, 112],
          "type": "WheelSlot",
          "slotNumber": 7
        },
        {
          "dmxRange": [113, 127],
          "type": "WheelSlot",
          "slotNumber": 8
        },
        {
          "dmxRange": [128, 150],
          "type": "WheelRotation",
          "speedStart": "slow CW",
          "speedEnd": "fast CW"
        },
        {
          "dmxRange": [151, 171],
          "type": "WheelRotation",
          "speedStart": "slow CCW",
          "speedEnd": "fast CCW"
        },
        {
          "dmxRange": [172, 183],
          "type": "WheelShake",
          "slotNumber": 2,
          "shakeSpeedStart": "slow",
          "shakeSpeedEnd": "fast"
        },
        {
          "dmxRange": [184, 195],
          "type": "WheelShake",
          "slotNumber": 3,
          "shakeSpeedStart": "slow",
          "shakeSpeedEnd": "fast"
        },
        {
          "dmxRange": [196, 207],
          "type": "WheelShake",
          "slotNumber": 4,
          "shakeSpeedStart": "slow",
          "shakeSpeedEnd": "fast"
        },
        {
          "dmxRange": [208, 219],
          "type": "WheelShake",
          "slotNumber": 5,
          "shakeSpeedStart": "slow",
          "shakeSpeedEnd": "fast"
        },
        {
          "dmxRange": [220, 231],
          "type": "WheelShake",
          "slotNumber": 6,
          "shakeSpeedStart": "slow",
          "shakeSpeedEnd": "fast"
        },
        {
          "dmxRange": [232, 243],
          "type": "WheelShake",
          "slotNumber": 7,
          "shakeSpeedStart": "slow",
          "shakeSpeedEnd": "fast"
        },
        {
          "dmxRange": [244, 255],
          "type": "WheelShake",
          "slotNumber": 8,
          "shakeSpeedStart": "slow",
          "shakeSpeedEnd": "fast"
        }
      ]
    },
    "Gobo Rotation": {
      "fineChannelAliases": ["Gobo Rotation fine"],
      "dmxValueResolution": "8bit",
      "defaultValue": 0,
      "capabilities": [
        {
          "dmxRange": [0, 127],
          "type": "WheelRotation",
          "wheel": "Rotating Gobo Wheel",
          "angleStart": "0deg",
          "angleEnd": "540deg"
        },
        {
          "dmxRange": [128, 188],
          "type": "WheelRotation",
          "wheel": "Rotating Gobo Wheel",
          "speedStart": "slow CW",
          "speedEnd": "fast CW"
        },
        {
          "dmxRange": [189, 194],
          "type": "WheelRotation",
          "wheel": "Rotating Gobo Wheel",
          "speed": "stop"
        },
        {
          "dmxRange": [195, 255],
          "type": "WheelRotation",
          "wheel": "Rotating Gobo Wheel",
          "speedStart": "slow CCW",
          "speedEnd": "fast CCW"
        }
      ]
    },
    "Prism": {
      "defaultValue": 0,
      "capabilities": [
        {
          "dmxRange": [0, 20],
          "type": "NoFunction"
        },
        {
          "dmxRange": [21, 255],
          "type": "Prism",
          "comment": "3-facet"
        }
      ]
    },
    "Prism Rotation": {
      "defaultValue": 0,
      "capabilities": [
        {
          "dmxRange": [0, 9],
          "type": "PrismRotation",
          "speed": "stop"
        },
        {
          "dmxRange": [10, 127],
          "type": "PrismRotation",
          "speedStart": "slow CW",
          "speedEnd": "fast CW"
        },
        {
          "dmxRange": [128, 136],
          "type": "PrismRotation",
          "speed": "stop"
        },
        {
          "dmxRange": [137, 255],
          "type": "PrismRotation",
          "speedStart": "slow CCW",
          "speedEnd": "fast CCW"
        }
      ]
    },
    "Focus": {
      "fineChannelAliases": ["Focus fine"],
      "defaultValue": 0,
      "capability": {
        "type": "Focus",
        "distanceStart": "near",
        "distanceEnd": "far"
      }
    },
    "Pan": {
      "fineChannelAliases": ["Pan fine"],
      "defaultValue": "50%",
      "capability": {
        "type": "Pan",
        "angleStart": "0deg",
        "angleEnd": "540deg"
      }
    },
    "Tilt": {
      "fineChannelAliases": ["Tilt fine"],
      "defaultValue": "50%",
      "capability": {
        "type": "Tilt",
        "angleStart": "0deg",
        "angleEnd": "270deg"
      }
    },
    "Pan/Tilt Speed": {
      "defaultValue": 0,
      "capability": {
        "type": "PanTiltSpeed",
        "speedStart": "fast",
        "speedEnd": "slow"
      }
    },
    "Control": {
      "defaultValue": 0,
      "capabilities": [
        {
          "dmxRange": [0, 48],
          "type": "NoFunction"
        },
        {
          "dmxRange": [49, 80],
          "type": "Maintenance",
          "comment": "Reset"
        },
        {
          "dmxRange": [81, 112],
          "type": "NoFunction"
        },
        {
          "dmxRange": [113, 144],
          "type": "Maintenance",
          "comment": "Lamp off",
          "hold": "10s"
        },
        {
          "dmxRange": [145, 168],
          "type": "NoFunction"
        },
        {
          "dmxRange": [169, 200],
          "type": "Maintenance",
          "comment": "Lamp power reduced to 50%"
        },
        {
          "dmxRange": [201, 223],
          "type": "NoFunction"
        },
        {
          "dmxRange": [224, 255],
          "type": "Maintenance",
          "comment": "Lamp on"
        }
      ]
    }
  },
  "modes": [
    {
      "name": "Standard",
      "shortName": "STd",
      "channels": [
        "Strobe",
        "Dimmer",
        "Color Wheel",
        "Fixed Gobo Wheel",
        "Rotating Gobo Wheel",
        "Gobo Rotation",
        "Gobo Rotation fine",
        "Prism",
        "Prism Rotation",
        "Focus",
        "Pan",
        "Pan fine",
        "Tilt",
        "Tilt fine",
        "Pan/Tilt Speed",
        "Control"
      ]
    },
    {
      "name": "Extended",
      "shortName": "EXT",
      "channels": [
        "Strobe",
        "Dimmer",
        "Dimmer fine",
        "Color Wheel",
        "Fixed Gobo Wheel",
        "Rotating Gobo Wheel",
        "Gobo Rotation",
        "Gobo Rotation fine",
        "Prism",
        "Prism Rotation",
        "Focus",
        "Focus fine",
        "Pan",
        "Pan fine",
        "Tilt",
        "Tilt fine",
        "Pan/Tilt Speed",
        "Control"
      ]
    },
    {
      "name": "Short",
      "shortName": "SHRT",
      "channels": [
        "Strobe",
        "Dimmer",
        "Color Wheel",
        "Fixed Gobo Wheel",
        "Rotating Gobo Wheel",
        "Gobo Rotation",
        "Prism",
        "Prism Rotation",
        "Focus",
        "Pan",
        "Tilt",
        "Control"
      ]
    }
  ],
  "fixtureKey": "xs-250-spot",
  "manufacturerKey": "pr-lighting",
  "oflURL": "https://open-fixture-library.org/pr-lighting/xs-250-spot"
}
